variant,batch_index,source_index,objective,parameter_group,pair,cosine,left_norm,right_norm,left_targets,right_targets,left_loss,right_loss
full_control,0,1,localization,shared_features,small-medium,0.09026283770799637,8.204856872558594,4.2083282470703125,50,76,17.7936053276062,13.698503494262695
full_control,0,1,localization,shared_features,small-large,0.023538053035736084,8.204856872558594,23.219318389892578,50,6,17.7936053276062,85.5672254562378
full_control,0,1,localization,shared_features,medium-large,0.07156284898519516,4.2083282470703125,23.219318389892578,76,6,13.698503494262695,85.5672254562378
full_control,0,1,localization,shared_predictors,small-medium,-0.03262934461236,4.807755947113037,2.9170281887054443,50,76,17.7936053276062,13.698503494262695
full_control,0,1,localization,shared_predictors,small-large,-0.018275968730449677,4.807755947113037,19.463268280029297,50,6,17.7936053276062,85.5672254562378
full_control,0,1,localization,shared_predictors,medium-large,0.30033597350120544,2.9170281887054443,19.463268280029297,76,6,13.698503494262695,85.5672254562378
full_control,0,1,localization,deep_backbone,small-medium,0.008413138799369335,18.799297332763672,15.032273292541504,50,76,17.7936053276062,13.698503494262695
full_control,0,1,localization,deep_backbone,small-large,0.0037455090787261724,18.799297332763672,114.49944305419922,50,6,17.7936053276062,85.5672254562378
full_control,0,1,localization,deep_backbone,medium-large,0.24510827660560608,15.032273292541504,114.49944305419922,76,6,13.698503494262695,85.5672254562378
full_control,0,1,localization,neck,small-medium,-0.0050824531354010105,17.53363037109375,15.07555866241455,50,76,17.7936053276062,13.698503494262695
full_control,0,1,localization,neck,small-large,0.006916125304996967,17.53363037109375,111.06011199951172,50,6,17.7936053276062,85.5672254562378
full_control,0,1,localization,neck,medium-large,-0.0421147458255291,15.07555866241455,111.06011199951172,76,6,13.698503494262695,85.5672254562378
full_control,0,1,total,shared_features,small-medium,0.7923257946968079,62.45952606201172,21.439329147338867,50,76,17.7936053276062,13.698503494262695
full_control,0,1,total,shared_features,small-large,0.9483921527862549,62.45952606201172,625.93408203125,50,6,17.7936053276062,85.5672254562378
full_control,0,1,total,shared_features,medium-large,0.8785129189491272,21.439329147338867,625.93408203125,76,6,13.698503494262695,85.5672254562378
full_control,0,1,total,shared_predictors,small-medium,0.6289467215538025,25.652650833129883,10.562848091125488,50,76,17.7936053276062,13.698503494262695
full_control,0,1,total,shared_predictors,small-large,0.9217972755432129,25.652650833129883,289.96978759765625,50,6,17.7936053276062,85.5672254562378
full_control,0,1,total,shared_predictors,medium-large,0.8356446623802185,10.562848091125488,289.96978759765625,76,6,13.698503494262695,85.5672254562378
full_control,0,1,total,deep_backbone,small-medium,0.38457584381103516,81.20997619628906,31.577117919921875,50,76,17.7936053276062,13.698503494262695
full_control,0,1,total,deep_backbone,small-large,0.8322176933288574,81.20997619628906,707.8781127929688,50,6,17.7936053276062,85.5672254562378
full_control,0,1,total,deep_backbone,medium-large,0.561579704284668,31.577117919921875,707.8781127929688,76,6,13.698503494262695,85.5672254562378
full_control,0,1,total,neck,small-medium,0.4337156116962433,77.11186218261719,30.22207260131836,50,76,17.7936053276062,13.698503494262695
full_control,0,1,total,neck,small-large,0.8666872382164001,77.11186218261719,707.6708374023438,50,6,17.7936053276062,85.5672254562378
full_control,0,1,total,neck,medium-large,0.44953182339668274,30.22207260131836,707.6708374023438,76,6,13.698503494262695,85.5672254562378
full_control,1,2,localization,shared_features,small-medium,-0.19796857237815857,8.897940635681152,4.2461371421813965,46,56,24.06693410873413,13.261765956878662
full_control,1,2,localization,shared_features,small-large,-0.0656251311302185,8.897940635681152,18.717031478881836,46,11,24.06693410873413,44.78904342651367
full_control,1,2,localization,shared_features,medium-large,0.22775998711585999,4.2461371421813965,18.717031478881836,56,11,13.261765956878662,44.78904342651367
full_control,1,2,localization,shared_predictors,small-medium,-0.4113617241382599,6.119820594787598,3.117659330368042,46,56,24.06693410873413,13.261765956878662
full_control,1,2,localization,shared_predictors,small-large,-0.06536011397838593,6.119820594787598,11.21963119506836,46,11,24.06693410873413,44.78904342651367
full_control,1,2,localization,shared_predictors,medium-large,0.2707171142101288,3.117659330368042,11.21963119506836,56,11,13.261765956878662,44.78904342651367
full_control,1,2,localization,deep_backbone,small-medium,-0.1869450956583023,30.38348960876465,16.71906852722168,46,56,24.06693410873413,13.261765956878662
full_control,1,2,localization,deep_backbone,small-large,-0.06953280419111252,30.38348960876465,114.14556884765625,46,11,24.06693410873413,44.78904342651367
full_control,1,2,localization,deep_backbone,medium-large,0.13465648889541626,16.71906852722168,114.14556884765625,56,11,13.261765956878662,44.78904342651367
full_control,1,2,localization,neck,small-medium,-0.060493867844343185,22.71099090576172,15.230053901672363,46,56,24.06693410873413,13.261765956878662
full_control,1,2,localization,neck,small-large,0.006202572491019964,22.71099090576172,70.42113494873047,46,11,24.06693410873413,44.78904342651367
full_control,1,2,localization,neck,medium-large,-0.045493483543395996,15.230053901672363,70.42113494873047,56,11,13.261765956878662,44.78904342651367
full_control,1,2,total,shared_features,small-medium,0.8662269711494446,79.12268829345703,23.68584632873535,46,56,24.06693410873413,13.261765956878662
full_control,1,2,total,shared_features,small-large,0.9417673349380493,79.12268829345703,313.9017333984375,46,11,24.06693410873413,44.78904342651367
full_control,1,2,total,shared_features,medium-large,0.8671773672103882,23.68584632873535,313.9017333984375,56,11,13.261765956878662,44.78904342651367
full_control,1,2,total,shared_predictors,small-medium,0.7721621990203857,32.59067916870117,8.60713005065918,46,56,24.06693410873413,13.261765956878662
full_control,1,2,total,shared_predictors,small-large,0.9316994547843933,32.59067916870117,132.4046173095703,46,11,24.06693410873413,44.78904342651367
full_control,1,2,total,shared_predictors,medium-large,0.9026616811752319,8.60713005065918,132.4046173095703,56,11,13.261765956878662,44.78904342651367
full_control,1,2,total,deep_backbone,small-medium,0.28620049357414246,114.7081298828125,46.056461334228516,46,56,24.06693410873413,13.261765956878662
full_control,1,2,total,deep_backbone,small-large,0.6447670459747314,114.7081298828125,450.0592956542969,46,11,24.06693410873413,44.78904342651367
full_control,1,2,total,deep_backbone,medium-large,0.6143966317176819,46.056461334228516,450.0592956542969,56,11,13.261765956878662,44.78904342651367
full_control,1,2,total,neck,small-medium,0.4287869334220886,109.7771987915039,38.51022720336914,46,56,24.06693410873413,13.261765956878662
full_control,1,2,total,neck,small-large,0.7842242121696472,109.7771987915039,413.13153076171875,46,11,24.06693410873413,44.78904342651367
full_control,1,2,total,neck,medium-large,0.35470324754714966,38.51022720336914,413.13153076171875,56,11,13.261765956878662,44.78904342651367
full_control,2,3,localization,shared_features,small-medium,-0.032523978501558304,7.558756351470947,5.934083461761475,133,52,19.990928649902344,14.08411955833435
full_control,2,3,localization,shared_features,small-large,0.06742265075445175,7.558756351470947,46.64381790161133,133,1,19.990928649902344,459.0829887390137
full_control,2,3,localization,shared_features,medium-large,-0.11592258512973785,5.934083461761475,46.64381790161133,52,1,14.08411955833435,459.0829887390137
full_control,2,3,localization,shared_predictors,small-medium,0.21221549808979034,4.250168323516846,3.2590487003326416,133,52,19.990928649902344,14.08411955833435
full_control,2,3,localization,shared_predictors,small-large,0.2525962293148041,4.250168323516846,41.74636459350586,133,1,19.990928649902344,459.0829887390137
full_control,2,3,localization,shared_predictors,medium-large,0.04824065417051315,3.2590487003326416,41.74636459350586,52,1,14.08411955833435,459.0829887390137
full_control,2,3,localization,deep_backbone,small-medium,-0.31270071864128113,26.47873306274414,16.11908531188965,133,52,19.990928649902344,14.08411955833435
full_control,2,3,localization,deep_backbone,small-large,-0.02541995793581009,26.47873306274414,180.03115844726562,133,1,19.990928649902344,459.0829887390137
full_control,2,3,localization,deep_backbone,medium-large,-0.05822591111063957,16.11908531188965,180.03115844726562,52,1,14.08411955833435,459.0829887390137
full_control,2,3,localization,neck,small-medium,-0.17126379907131195,21.798574447631836,14.647289276123047,133,52,19.990928649902344,14.08411955833435
full_control,2,3,localization,neck,small-large,-0.012604853138327599,21.798574447631836,188.68885803222656,133,1,19.990928649902344,459.0829887390137
full_control,2,3,localization,neck,medium-large,-0.1440087854862213,14.647289276123047,188.68885803222656,52,1,14.08411955833435,459.0829887390137
full_control,2,3,total,shared_features,small-medium,0.5200347900390625,21.234169006347656,33.726871490478516,133,52,19.990928649902344,14.08411955833435
full_control,2,3,total,shared_features,small-large,0.6798696517944336,21.234169006347656,3648.735107421875,133,1,19.990928649902344,459.0829887390137
full_control,2,3,total,shared_features,medium-large,0.9353790879249573,33.726871490478516,3648.735107421875,52,1,14.08411955833435,459.0829887390137
full_control,2,3,total,shared_predictors,small-medium,0.83766108751297,13.185127258300781,17.11338996887207,133,52,19.990928649902344,14.08411955833435
full_control,2,3,total,shared_predictors,small-large,0.8663763403892517,13.185127258300781,2115.9443359375,133,1,19.990928649902344,459.0829887390137
full_control,2,3,total,shared_predictors,medium-large,0.9757200479507446,17.11338996887207,2115.9443359375,52,1,14.08411955833435,459.0829887390137
full_control,2,3,total,deep_backbone,small-medium,-0.06448516994714737,51.34882736206055,45.525936126708984,133,52,19.990928649902344,14.08411955833435
full_control,2,3,total,deep_backbone,small-large,0.13654732704162598,51.34882736206055,3673.4072265625,133,1,19.990928649902344,459.0829887390137
full_control,2,3,total,deep_backbone,medium-large,0.781258761882782,45.525936126708984,3673.4072265625,52,1,14.08411955833435,459.0829887390137
full_control,2,3,total,neck,small-medium,0.2151372879743576,38.354156494140625,45.51845169067383,133,52,19.990928649902344,14.08411955833435
full_control,2,3,total,neck,small-large,0.4366520643234253,38.354156494140625,4168.36279296875,133,1,19.990928649902344,459.0829887390137
full_control,2,3,total,neck,medium-large,0.8191186785697937,45.51845169067383,4168.36279296875,52,1,14.08411955833435,459.0829887390137
full_control,3,19,localization,shared_features,small-medium,0.1910526007413864,5.6976470947265625,5.567322731018066,313,25,18.284865856170654,26.460862159729004
full_control,3,19,localization,shared_features,small-large,-0.011485382914543152,5.6976470947265625,11.114631652832031,313,3,18.284865856170654,187.768903195858
full_control,3,19,localization,shared_features,medium-large,-0.13286089897155762,5.567322731018066,11.114631652832031,25,3,26.460862159729004,187.768903195858
full_control,3,19,localization,shared_predictors,small-medium,0.1840706169605255,3.6550724506378174,3.4947359561920166,313,25,18.284865856170654,26.460862159729004
full_control,3,19,localization,shared_predictors,small-large,0.05363974720239639,3.6550724506378174,6.263842582702637,313,3,18.284865856170654,187.768903195858
full_control,3,19,localization,shared_predictors,medium-large,0.24699941277503967,3.4947359561920166,6.263842582702637,25,3,26.460862159729004,187.768903195858
full_control,3,19,localization,deep_backbone,small-medium,0.029230335727334023,12.424785614013672,14.197418212890625,313,25,18.284865856170654,26.460862159729004
full_control,3,19,localization,deep_backbone,small-large,-0.02651679515838623,12.424785614013672,41.59868240356445,313,3,18.284865856170654,187.768903195858
full_control,3,19,localization,deep_backbone,medium-large,-0.0575827993452549,14.197418212890625,41.59868240356445,25,3,26.460862159729004,187.768903195858
full_control,3,19,localization,neck,small-medium,0.020539237186312675,11.598146438598633,15.313028335571289,313,25,18.284865856170654,26.460862159729004
full_control,3,19,localization,neck,small-large,-0.03233226016163826,11.598146438598633,42.52924346923828,313,3,18.284865856170654,187.768903195858
full_control,3,19,localization,neck,medium-large,-0.1084970012307167,15.313028335571289,42.52924346923828,25,3,26.460862159729004,187.768903195858
full_control,3,19,total,shared_features,small-medium,0.4796597361564636,8.99227237701416,209.90139770507812,313,25,18.284865856170654,26.460862159729004
full_control,3,19,total,shared_features,small-large,0.5209162831306458,8.99227237701416,1847.9801025390625,313,3,18.284865856170654,187.768903195858
full_control,3,19,total,shared_features,medium-large,0.9941720962524414,209.90139770507812,1847.9801025390625,25,3,26.460862159729004,187.768903195858
full_control,3,19,total,shared_predictors,small-medium,0.4243623614311218,5.658166885375977,100.73442840576172,313,25,18.284865856170654,26.460862159729004
full_control,3,19,total,shared_predictors,small-large,0.4993729889392853,5.658166885375977,892.9300537109375,313,3,18.284865856170654,187.768903195858
full_control,3,19,total,shared_predictors,medium-large,0.9900848269462585,100.73442840576172,892.9300537109375,25,3,26.460862159729004,187.768903195858
full_control,3,19,total,deep_backbone,small-medium,0.3139539659023285,15.769042015075684,237.91554260253906,313,25,18.284865856170654,26.460862159729004
full_control,3,19,total,deep_backbone,small-large,0.35649484395980835,15.769042015075684,2132.252685546875,313,3,18.284865856170654,187.768903195858
full_control,3,19,total,deep_backbone,medium-large,0.9896618723869324,237.91554260253906,2132.252685546875,25,3,26.460862159729004,187.768903195858
full_control,3,19,total,neck,small-medium,0.3540722131729126,15.229890823364258,237.72312927246094,313,25,18.284865856170654,26.460862159729004
full_control,3,19,total,neck,small-large,0.40061381459236145,15.229890823364258,2137.271240234375,313,3,18.284865856170654,187.768903195858
full_control,3,19,total,neck,medium-large,0.9897078275680542,237.72312927246094,2137.271240234375,25,3,26.460862159729004,187.768903195858
full_control,4,21,localization,shared_features,small-medium,-0.0981965959072113,3.2630722522735596,13.024178504943848,315,17,14.827455997467041,56.74444341659546
full_control,4,21,localization,shared_features,small-large,-0.0052020130679011345,3.2630722522735596,48.84697723388672,315,1,14.827455997467041,604.4902620315552
full_control,4,21,localization,shared_features,medium-large,0.0906662791967392,13.024178504943848,48.84697723388672,17,1,56.74444341659546,604.4902620315552
full_control,4,21,localization,shared_predictors,small-medium,0.22586551308631897,3.000767230987549,8.350887298583984,315,17,14.827455997467041,56.74444341659546
full_control,4,21,localization,shared_predictors,small-large,-0.04636243358254433,3.000767230987549,23.23999786376953,315,1,14.827455997467041,604.4902620315552
full_control,4,21,localization,shared_predictors,medium-large,-0.07513843476772308,8.350887298583984,23.23999786376953,17,1,56.74444341659546,604.4902620315552
full_control,4,21,localization,deep_backbone,small-medium,-0.05044511333107948,6.080145835876465,55.471595764160156,315,17,14.827455997467041,56.74444341659546
full_control,4,21,localization,deep_backbone,small-large,0.07696454972028732,6.080145835876465,171.3271026611328,315,1,14.827455997467041,604.4902620315552
full_control,4,21,localization,deep_backbone,medium-large,0.019777249544858932,55.471595764160156,171.3271026611328,17,1,56.74444341659546,604.4902620315552
full_control,4,21,localization,neck,small-medium,-0.16477270424365997,6.325469017028809,35.617835998535156,315,17,14.827455997467041,56.74444341659546
full_control,4,21,localization,neck,small-large,0.001719017280265689,6.325469017028809,178.1273956298828,315,1,14.827455997467041,604.4902620315552
full_control,4,21,localization,neck,medium-large,0.02592645213007927,35.617835998535156,178.1273956298828,17,1,56.74444341659546,604.4902620315552
full_control,4,21,total,shared_features,small-medium,0.7003650665283203,6.4858527183532715,462.8731384277344,315,17,14.827455997467041,56.74444341659546
full_control,4,21,total,shared_features,small-large,0.7127796411514282,6.4858527183532715,6342.43505859375,315,1,14.827455997467041,604.4902620315552
full_control,4,21,total,shared_features,medium-large,0.9985556602478027,462.8731384277344,6342.43505859375,17,1,56.74444341659546,604.4902620315552
full_control,4,21,total,shared_predictors,small-medium,0.5025390386581421,3.6414356231689453,226.34425354003906,315,17,14.827455997467041,56.74444341659546
full_control,4,21,total,shared_predictors,small-large,0.5030261278152466,3.6414356231689453,3089.3583984375,315,1,14.827455997467041,604.4902620315552
full_control,4,21,total,shared_predictors,medium-large,0.9986521601676941,226.34425354003906,3089.3583984375,17,1,56.74444341659546,604.4902620315552
full_control,4,21,total,deep_backbone,small-medium,0.5619781017303467,10.84597396850586,483.9072570800781,315,17,14.827455997467041,56.74444341659546
full_control,4,21,total,deep_backbone,small-large,0.5840296745300293,10.84597396850586,6598.59765625,315,1,14.827455997467041,604.4902620315552
full_control,4,21,total,deep_backbone,medium-large,0.9857686161994934,483.9072570800781,6598.59765625,17,1,56.74444341659546,604.4902620315552
full_control,4,21,total,neck,small-medium,0.5325015187263489,10.223186492919922,507.2071533203125,315,17,14.827455997467041,56.74444341659546
full_control,4,21,total,neck,small-large,0.5653267502784729,10.223186492919922,6964.03759765625,315,1,14.827455997467041,604.4902620315552
full_control,4,21,total,neck,medium-large,0.9941740036010742,507.2071533203125,6964.03759765625,17,1,56.74444341659546,604.4902620315552
full_control,5,22,localization,shared_features,small-medium,0.05238163098692894,4.7712602615356445,7.003781318664551,289,30,16.1480450630188,24.15738344192505
full_control,5,22,localization,shared_features,small-large,-0.021618254482746124,4.7712602615356445,32.21392059326172,289,1,16.1480450630188,684.3798110485077
full_control,5,22,localization,shared_features,medium-large,0.2835161089897156,7.003781318664551,32.21392059326172,30,1,24.15738344192505,684.3798110485077
full_control,5,22,localization,shared_predictors,small-medium,-0.036318711936473846,3.982672929763794,4.974505424499512,289,30,16.1480450630188,24.15738344192505
full_control,5,22,localization,shared_predictors,small-large,-0.06505681574344635,3.982672929763794,26.672500610351562,289,1,16.1480450630188,684.3798110485077
full_control,5,22,localization,shared_predictors,medium-large,0.336665540933609,4.974505424499512,26.672500610351562,30,1,24.15738344192505,684.3798110485077
full_control,5,22,localization,deep_backbone,small-medium,-0.25251492857933044,11.188456535339355,17.217060089111328,289,30,16.1480450630188,24.15738344192505
full_control,5,22,localization,deep_backbone,small-large,-0.08319850265979767,11.188456535339355,111.0991439819336,289,1,16.1480450630188,684.3798110485077
full_control,5,22,localization,deep_backbone,medium-large,0.07395616918802261,17.217060089111328,111.0991439819336,30,1,24.15738344192505,684.3798110485077
full_control,5,22,localization,neck,small-medium,-0.05807216465473175,9.114617347717285,16.073652267456055,289,30,16.1480450630188,24.15738344192505
full_control,5,22,localization,neck,small-large,-0.00933727715164423,9.114617347717285,122.16980743408203,289,1,16.1480450630188,684.3798110485077
full_control,5,22,localization,neck,medium-large,0.11839687079191208,16.073652267456055,122.16980743408203,30,1,24.15738344192505,684.3798110485077
full_control,5,22,total,shared_features,small-medium,-0.37211188673973083,6.9040117263793945,172.33056640625,289,30,16.1480450630188,24.15738344192505
full_control,5,22,total,shared_features,small-large,-0.2992267310619354,6.9040117263793945,6996.95556640625,289,1,16.1480450630188,684.3798110485077
full_control,5,22,total,shared_features,medium-large,0.9901996850967407,172.33056640625,6996.95556640625,30,1,24.15738344192505,684.3798110485077
full_control,5,22,total,shared_predictors,small-medium,-0.16413787007331848,4.9013824462890625,82.12528228759766,289,30,16.1480450630188,24.15738344192505
full_control,5,22,total,shared_predictors,small-large,-0.08952841907739639,4.9013824462890625,3274.1865234375,289,1,16.1480450630188,684.3798110485077
full_control,5,22,total,shared_predictors,medium-large,0.9852121472358704,82.12528228759766,3274.1865234375,30,1,24.15738344192505,684.3798110485077
full_control,5,22,total,deep_backbone,small-medium,-0.27191656827926636,15.132661819458008,194.18763732910156,289,30,16.1480450630188,24.15738344192505
full_control,5,22,total,deep_backbone,small-large,-0.17341597378253937,15.132661819458008,8045.02734375,289,1,16.1480450630188,684.3798110485077
full_control,5,22,total,deep_backbone,medium-large,0.9688655138015747,194.18763732910156,8045.02734375,30,1,24.15738344192505,684.3798110485077
full_control,5,22,total,neck,small-medium,-0.3046814799308777,12.441462516784668,198.49644470214844,289,30,16.1480450630188,24.15738344192505
full_control,5,22,total,neck,small-large,-0.216413676738739,12.441462516784668,8252.0869140625,289,1,16.1480450630188,684.3798110485077
full_control,5,22,total,neck,medium-large,0.977523922920227,198.49644470214844,8252.0869140625,30,1,24.15738344192505,684.3798110485077
full_control,6,23,localization,shared_features,small-medium,0.22473686933517456,4.084263801574707,5.982652187347412,247,20,15.687613010406494,21.670063257217407
full_control,6,23,localization,shared_features,small-large,0.060586050152778625,4.084263801574707,44.66146469116211,247,1,15.687613010406494,951.9425010681152
full_control,6,23,localization,shared_features,medium-large,0.06587734818458557,5.982652187347412,44.66146469116211,20,1,21.670063257217407,951.9425010681152
full_control,6,23,localization,shared_predictors,small-medium,0.025253992527723312,3.1513452529907227,3.7365376949310303,247,20,15.687613010406494,21.670063257217407
full_control,6,23,localization,shared_predictors,small-large,-0.08142965286970139,3.1513452529907227,34.08761978149414,247,1,15.687613010406494,951.9425010681152
full_control,6,23,localization,shared_predictors,medium-large,0.08899515122175217,3.7365376949310303,34.08761978149414,20,1,21.670063257217407,951.9425010681152
full_control,6,23,localization,deep_backbone,small-medium,0.2025292068719864,9.379840850830078,8.694174766540527,247,20,15.687613010406494,21.670063257217407
full_control,6,23,localization,deep_backbone,small-large,0.15586400032043457,9.379840850830078,402.28399658203125,247,1,15.687613010406494,951.9425010681152
full_control,6,23,localization,deep_backbone,medium-large,0.1933308243751526,8.694174766540527,402.28399658203125,20,1,21.670063257217407,951.9425010681152
full_control,6,23,localization,neck,small-medium,0.04645036906003952,7.519140720367432,10.67226505279541,247,20,15.687613010406494,21.670063257217407
full_control,6,23,localization,neck,small-large,0.041328780353069305,7.519140720367432,227.56878662109375,247,1,15.687613010406494,951.9425010681152
full_control,6,23,localization,neck,medium-large,0.03167157247662544,10.67226505279541,227.56878662109375,20,1,21.670063257217407,951.9425010681152
full_control,6,23,total,shared_features,small-medium,0.04652702435851097,5.905477046966553,168.15171813964844,247,20,15.687613010406494,21.670063257217407
full_control,6,23,total,shared_features,small-large,0.11760211735963821,5.905477046966553,8538.025390625,247,1,15.687613010406494,951.9425010681152
full_control,6,23,total,shared_features,medium-large,0.990639328956604,168.15171813964844,8538.025390625,20,1,21.670063257217407,951.9425010681152
full_control,6,23,total,shared_predictors,small-medium,0.01996949315071106,4.291145324707031,73.00182342529297,247,20,15.687613010406494,21.670063257217407
full_control,6,23,total,shared_predictors,small-large,0.15223248302936554,4.291145324707031,3781.864990234375,247,1,15.687613010406494,951.9425010681152
full_control,6,23,total,shared_predictors,medium-large,0.9758908152580261,73.00182342529297,3781.864990234375,20,1,21.670063257217407,951.9425010681152
full_control,6,23,total,deep_backbone,small-medium,0.052752185612916946,11.374041557312012,161.49795532226562,247,20,15.687613010406494,21.670063257217407
full_control,6,23,total,deep_backbone,small-large,0.0697721317410469,11.374041557312012,8537.3408203125,247,1,15.687613010406494,951.9425010681152
full_control,6,23,total,deep_backbone,medium-large,0.9732434749603271,161.49795532226562,8537.3408203125,20,1,21.670063257217407,951.9425010681152
full_control,6,23,total,neck,small-medium,-0.04760214686393738,10.001350402832031,174.6240692138672,247,20,15.687613010406494,21.670063257217407
full_control,6,23,total,neck,small-large,0.029863866046071053,10.001350402832031,9161.208984375,247,1,15.687613010406494,951.9425010681152
full_control,6,23,total,neck,medium-large,0.9817053079605103,174.6240692138672,9161.208984375,20,1,21.670063257217407,951.9425010681152
full_control,7,24,localization,shared_features,small-medium,0.14901132881641388,13.37193775177002,9.041494369506836,125,12,13.106725692749023,31.57579755783081
full_control,7,24,localization,shared_features,small-large,-0.04676509276032448,13.37193775177002,17.446985244750977,125,6,13.106725692749023,68.72060775756836
full_control,7,24,localization,shared_features,medium-large,0.024090297520160675,9.041494369506836,17.446985244750977,12,6,31.57579755783081,68.72060775756836
full_control,7,24,localization,shared_predictors,small-medium,0.15582424402236938,10.2123384475708,6.050483703613281,125,12,13.106725692749023,31.57579755783081
full_control,7,24,localization,shared_predictors,small-large,0.01501457579433918,10.2123384475708,10.875929832458496,125,6,13.106725692749023,68.72060775756836
full_control,7,24,localization,shared_predictors,medium-large,0.12587502598762512,6.050483703613281,10.875929832458496,12,6,31.57579755783081,68.72060775756836
full_control,7,24,localization,deep_backbone,small-medium,0.20512749254703522,22.27303695678711,30.19697380065918,125,12,13.106725692749023,31.57579755783081
full_control,7,24,localization,deep_backbone,small-large,0.020450588315725327,22.27303695678711,78.97335815429688,125,6,13.106725692749023,68.72060775756836
full_control,7,24,localization,deep_backbone,medium-large,0.17282319068908691,30.19697380065918,78.97335815429688,12,6,31.57579755783081,68.72060775756836
full_control,7,24,localization,neck,small-medium,0.1017736941576004,20.229633331298828,25.494098663330078,125,12,13.106725692749023,31.57579755783081
full_control,7,24,localization,neck,small-large,0.0160593893378973,20.229633331298828,76.27727508544922,125,6,13.106725692749023,68.72060775756836
full_control,7,24,localization,neck,medium-large,0.0069499267265200615,25.494098663330078,76.27727508544922,12,6,31.57579755783081,68.72060775756836
full_control,7,24,total,shared_features,small-medium,0.011498214676976204,14.678886413574219,290.677978515625,125,12,13.106725692749023,31.57579755783081
full_control,7,24,total,shared_features,small-large,-0.0035037060733884573,14.678886413574219,632.4028930664062,125,6,13.106725692749023,68.72060775756836
full_control,7,24,total,shared_features,medium-large,0.9916464686393738,290.677978515625,632.4028930664062,12,6,31.57579755783081,68.72060775756836
full_control,7,24,total,shared_predictors,small-medium,-0.0545421838760376,10.575207710266113,134.72525024414062,125,12,13.106725692749023,31.57579755783081
full_control,7,24,total,shared_predictors,small-large,-0.048034489154815674,10.575207710266113,292.2101745605469,125,6,13.106725692749023,68.72060775756836
full_control,7,24,total,shared_predictors,medium-large,0.9930306673049927,134.72525024414062,292.2101745605469,12,6,31.57579755783081,68.72060775756836
full_control,7,24,total,deep_backbone,small-medium,-0.1781931072473526,28.08882713317871,295.32391357421875,125,12,13.106725692749023,31.57579755783081
full_control,7,24,total,deep_backbone,small-large,-0.17257671058177948,28.08882713317871,670.1921997070312,125,6,13.106725692749023,68.72060775756836
full_control,7,24,total,deep_backbone,medium-large,0.9653961062431335,295.32391357421875,670.1921997070312,12,6,31.57579755783081,68.72060775756836
full_control,7,24,total,neck,small-medium,-0.07529410719871521,23.789609909057617,306.6314697265625,125,12,13.106725692749023,31.57579755783081
full_control,7,24,total,neck,small-large,-0.09192565083503723,23.789609909057617,682.8624877929688,125,6,13.106725692749023,68.72060775756836
full_control,7,24,total,neck,medium-large,0.9647412896156311,306.6314697265625,682.8624877929688,12,6,31.57579755783081,68.72060775756836
full_control,8,25,localization,shared_features,small-medium,0.2566079795360565,11.425911903381348,5.368314743041992,68,44,17.86104393005371,13.0286283493042
full_control,8,25,localization,shared_features,small-large,0.08354887366294861,11.425911903381348,19.945068359375,68,2,17.86104393005371,121.46308147907257
full_control,8,25,localization,shared_features,medium-large,0.07232498377561569,5.368314743041992,19.945068359375,44,2,13.0286283493042,121.46308147907257
full_control,8,25,localization,shared_predictors,small-medium,0.0801273062825203,8.428674697875977,3.5775601863861084,68,44,17.86104393005371,13.0286283493042
full_control,8,25,localization,shared_predictors,small-large,-0.03965327888727188,8.428674697875977,12.607942581176758,68,2,17.86104393005371,121.46308147907257
full_control,8,25,localization,shared_predictors,medium-large,0.009099816903471947,3.5775601863861084,12.607942581176758,44,2,13.0286283493042,121.46308147907257
full_control,8,25,localization,deep_backbone,small-medium,0.16728420555591583,24.452823638916016,20.170637130737305,68,44,17.86104393005371,13.0286283493042
full_control,8,25,localization,deep_backbone,small-large,0.027146371081471443,24.452823638916016,51.484039306640625,68,2,17.86104393005371,121.46308147907257
full_control,8,25,localization,deep_backbone,medium-large,-0.040848251432180405,20.170637130737305,51.484039306640625,44,2,13.0286283493042,121.46308147907257
full_control,8,25,localization,neck,small-medium,0.1432000696659088,19.103233337402344,14.743974685668945,68,44,17.86104393005371,13.0286283493042
full_control,8,25,localization,neck,small-large,0.005514539312571287,19.103233337402344,52.60707092285156,68,2,17.86104393005371,121.46308147907257
full_control,8,25,localization,neck,medium-large,0.025348031893372536,14.743974685668945,52.60707092285156,44,2,13.0286283493042,121.46308147907257
full_control,8,25,total,shared_features,small-medium,0.3439560532569885,33.6927490234375,27.06393814086914,68,44,17.86104393005371,13.0286283493042
full_control,8,25,total,shared_features,small-large,0.7935690879821777,33.6927490234375,909.3781127929688,68,2,17.86104393005371,121.46308147907257
full_control,8,25,total,shared_features,medium-large,0.7601658701896667,27.06393814086914,909.3781127929688,44,2,13.0286283493042,121.46308147907257
full_control,8,25,total,shared_predictors,small-medium,0.23003321886062622,16.3455810546875,11.853821754455566,68,44,17.86104393005371,13.0286283493042
full_control,8,25,total,shared_predictors,small-large,0.7076329588890076,16.3455810546875,378.69171142578125,68,2,17.86104393005371,121.46308147907257
full_control,8,25,total,shared_predictors,medium-large,0.7042049169540405,11.853821754455566,378.69171142578125,44,2,13.0286283493042,121.46308147907257
full_control,8,25,total,deep_backbone,small-medium,0.469833642244339,52.131195068359375,48.556480407714844,68,44,17.86104393005371,13.0286283493042
full_control,8,25,total,deep_backbone,small-large,0.7971407771110535,52.131195068359375,1399.0618896484375,68,2,17.86104393005371,121.46308147907257
full_control,8,25,total,deep_backbone,medium-large,0.7125793695449829,48.556480407714844,1399.0618896484375,44,2,13.0286283493042,121.46308147907257
full_control,8,25,total,neck,small-medium,0.2731207609176636,50.53947830200195,36.21823501586914,68,44,17.86104393005371,13.0286283493042
full_control,8,25,total,neck,small-large,0.8039332628250122,50.53947830200195,1242.0216064453125,68,2,17.86104393005371,121.46308147907257
full_control,8,25,total,neck,medium-large,0.5864219665527344,36.21823501586914,1242.0216064453125,44,2,13.0286283493042,121.46308147907257
full_control,9,26,localization,shared_features,small-medium,0.2831078767776489,4.891885757446289,7.490723609924316,150,37,16.437594890594482,13.62385368347168
full_control,9,26,localization,shared_features,small-large,-0.05373892933130264,4.891885757446289,24.460784912109375,150,3,16.437594890594482,116.5881404876709
full_control,9,26,localization,shared_features,medium-large,-0.11589379608631134,7.490723609924316,24.460784912109375,37,3,13.62385368347168,116.5881404876709
full_control,9,26,localization,shared_predictors,small-medium,0.1629324108362198,6.055312633514404,6.22413969039917,150,37,16.437594890594482,13.62385368347168
full_control,9,26,localization,shared_predictors,small-large,-0.05141756683588028,6.055312633514404,16.34622573852539,150,3,16.437594890594482,116.5881404876709
full_control,9,26,localization,shared_predictors,medium-large,-0.14963188767433167,6.22413969039917,16.34622573852539,37,3,13.62385368347168,116.5881404876709
full_control,9,26,localization,deep_backbone,small-medium,0.4758145213127136,18.555492401123047,19.265918731689453,150,37,16.437594890594482,13.62385368347168
full_control,9,26,localization,deep_backbone,small-large,-0.08304892480373383,18.555492401123047,117.72517395019531,150,3,16.437594890594482,116.5881404876709
full_control,9,26,localization,deep_backbone,medium-large,-0.09368585795164108,19.265918731689453,117.72517395019531,37,3,13.62385368347168,116.5881404876709
full_control,9,26,localization,neck,small-medium,-0.05116073787212372,12.374856948852539,18.538259506225586,150,37,16.437594890594482,13.62385368347168
full_control,9,26,localization,neck,small-large,-0.006256156601011753,12.374856948852539,101.44214630126953,150,3,16.437594890594482,116.5881404876709
full_control,9,26,localization,neck,medium-large,0.0018126359209418297,18.538259506225586,101.44214630126953,37,3,13.62385368347168,116.5881404876709
full_control,9,26,total,shared_features,small-medium,0.5039926171302795,17.256629943847656,52.11003112792969,150,37,16.437594890594482,13.62385368347168
full_control,9,26,total,shared_features,small-large,0.6664954423904419,17.256629943847656,1303.18408203125,150,3,16.437594890594482,116.5881404876709
full_control,9,26,total,shared_features,medium-large,0.9438292384147644,52.11003112792969,1303.18408203125,37,3,13.62385368347168,116.5881404876709
full_control,9,26,total,shared_predictors,small-medium,0.5675302147865295,8.437613487243652,19.00135612487793,150,37,16.437594890594482,13.62385368347168
full_control,9,26,total,shared_predictors,small-large,0.6291022896766663,8.437613487243652,552.135498046875,150,3,16.437594890594482,116.5881404876709
full_control,9,26,total,shared_predictors,medium-large,0.9101092219352722,19.00135612487793,552.135498046875,37,3,13.62385368347168,116.5881404876709
full_control,9,26,total,deep_backbone,small-medium,0.22722510993480682,27.96319580078125,85.6653823852539,150,37,16.437594890594482,13.62385368347168
full_control,9,26,total,deep_backbone,small-large,0.3346944749355316,27.96319580078125,1747.7550048828125,150,3,16.437594890594482,116.5881404876709
full_control,9,26,total,deep_backbone,medium-large,0.8967270851135254,85.6653823852539,1747.7550048828125,37,3,13.62385368347168,116.5881404876709
full_control,9,26,total,neck,small-medium,0.0011811070144176483,31.962087631225586,65.49937438964844,150,37,16.437594890594482,13.62385368347168
full_control,9,26,total,neck,small-large,0.39910903573036194,31.962087631225586,1513.6239013671875,150,3,16.437594890594482,116.5881404876709
full_control,9,26,total,neck,medium-large,0.7567847967147827,65.49937438964844,1513.6239013671875,37,3,13.62385368347168,116.5881404876709
full_control,10,27,localization,shared_features,small-medium,0.08898915350437164,4.33524751663208,7.969600200653076,102,44,16.346331119537354,13.330458402633667
full_control,10,27,localization,shared_features,small-large,0.08783289045095444,4.33524751663208,12.268858909606934,102,10,16.346331119537354,38.03808903694153
full_control,10,27,localization,shared_features,medium-large,0.4385286867618561,7.969600200653076,12.268858909606934,44,10,13.330458402633667,38.03808903694153
full_control,10,27,localization,shared_predictors,small-medium,-0.0058804769068956375,3.4618310928344727,4.902021884918213,102,44,16.346331119537354,13.330458402633667
full_control,10,27,localization,shared_predictors,small-large,0.006895195227116346,3.4618310928344727,7.781352996826172,102,10,16.346331119537354,38.03808903694153
full_control,10,27,localization,shared_predictors,medium-large,0.40011507272720337,4.902021884918213,7.781352996826172,44,10,13.330458402633667,38.03808903694153
full_control,10,27,localization,deep_backbone,small-medium,-0.05413699895143509,11.770103454589844,22.016115188598633,102,44,16.346331119537354,13.330458402633667
full_control,10,27,localization,deep_backbone,small-large,0.0724683552980423,11.770103454589844,39.721168518066406,102,10,16.346331119537354,38.03808903694153
full_control,10,27,localization,deep_backbone,medium-large,0.16779544949531555,22.016115188598633,39.721168518066406,44,10,13.330458402633667,38.03808903694153
full_control,10,27,localization,neck,small-medium,-0.08957637846469879,10.784001350402832,18.830036163330078,102,44,16.346331119537354,13.330458402633667
full_control,10,27,localization,neck,small-large,0.014468814246356487,10.784001350402832,44.17729187011719,102,10,16.346331119537354,38.03808903694153
full_control,10,27,localization,neck,medium-large,0.19841131567955017,18.830036163330078,44.17729187011719,44,10,13.330458402633667,38.03808903694153
full_control,10,27,total,shared_features,small-medium,0.3824821412563324,36.07179641723633,42.90433120727539,102,44,16.346331119537354,13.330458402633667
full_control,10,27,total,shared_features,small-large,0.7249132394790649,36.07179641723633,307.564208984375,102,10,16.346331119537354,38.03808903694153
full_control,10,27,total,shared_features,medium-large,0.842875599861145,42.90433120727539,307.564208984375,44,10,13.330458402633667,38.03808903694153
full_control,10,27,total,shared_predictors,small-medium,0.2179599404335022,16.336400985717773,18.279964447021484,102,44,16.346331119537354,13.330458402633667
full_control,10,27,total,shared_predictors,small-large,0.6950370073318481,16.336400985717773,131.89804077148438,102,10,16.346331119537354,38.03808903694153
full_control,10,27,total,shared_predictors,medium-large,0.8113802671432495,18.279964447021484,131.89804077148438,44,10,13.330458402633667,38.03808903694153
full_control,10,27,total,deep_backbone,small-medium,0.3678608238697052,43.23262023925781,73.71717071533203,102,44,16.346331119537354,13.330458402633667
full_control,10,27,total,deep_backbone,small-large,0.5742955207824707,43.23262023925781,461.2499694824219,102,10,16.346331119537354,38.03808903694153
full_control,10,27,total,deep_backbone,medium-large,0.8530121445655823,73.71717071533203,461.2499694824219,44,10,13.330458402633667,38.03808903694153
full_control,10,27,total,neck,small-medium,0.35019412636756897,46.336795806884766,55.507728576660156,102,44,16.346331119537354,13.330458402633667
full_control,10,27,total,neck,small-large,0.6088092923164368,46.336795806884766,376.23443603515625,102,10,16.346331119537354,38.03808903694153
full_control,10,27,total,neck,medium-large,0.6997268199920654,55.507728576660156,376.23443603515625,44,10,13.330458402633667,38.03808903694153
full_control,11,28,localization,shared_features,small-medium,0.2947433590888977,10.695428848266602,9.896697044372559,65,16,18.383503913879395,15.290475130081177
full_control,11,28,localization,shared_features,small-large,0.13114233314990997,10.695428848266602,19.212797164916992,65,6,18.383503913879395,41.11205196380615
full_control,11,28,localization,shared_features,medium-large,0.26845160126686096,9.896697044372559,19.212797164916992,16,6,15.290475130081177,41.11205196380615
full_control,11,28,localization,shared_predictors,small-medium,0.17141859233379364,10.448397636413574,5.697314739227295,65,16,18.383503913879395,15.290475130081177
full_control,11,28,localization,shared_predictors,small-large,-0.019544674083590508,10.448397636413574,10.4105224609375,65,6,18.383503913879395,41.11205196380615
full_control,11,28,localization,shared_predictors,medium-large,0.19116809964179993,5.697314739227295,10.4105224609375,16,6,15.290475130081177,41.11205196380615
full_control,11,28,localization,deep_backbone,small-medium,0.21613623201847076,37.50209426879883,26.01742172241211,65,16,18.383503913879395,15.290475130081177
full_control,11,28,localization,deep_backbone,small-large,0.0848962813615799,37.50209426879883,118.15961456298828,65,6,18.383503913879395,41.11205196380615
full_control,11,28,localization,deep_backbone,medium-large,0.058036863803863525,26.01742172241211,118.15961456298828,16,6,15.290475130081177,41.11205196380615
full_control,11,28,localization,neck,small-medium,0.18816441297531128,19.728031158447266,24.15092658996582,65,16,18.383503913879395,15.290475130081177
full_control,11,28,localization,neck,small-large,0.018943725153803825,19.728031158447266,73.19918823242188,65,6,18.383503913879395,41.11205196380615
full_control,11,28,localization,neck,medium-large,0.07344553619623184,24.15092658996582,73.19918823242188,16,6,15.290475130081177,41.11205196380615
full_control,11,28,total,shared_features,small-medium,0.5823054313659668,25.879215240478516,57.04285430908203,65,16,18.383503913879395,15.290475130081177
full_control,11,28,total,shared_features,small-large,0.631960928440094,25.879215240478516,275.6634521484375,65,6,18.383503913879395,41.11205196380615
full_control,11,28,total,shared_features,medium-large,0.9315821528434753,57.04285430908203,275.6634521484375,16,6,15.290475130081177,41.11205196380615
full_control,11,28,total,shared_predictors,small-medium,0.41790077090263367,13.424581527709961,20.459869384765625,65,16,18.383503913879395,15.290475130081177
full_control,11,28,total,shared_predictors,small-large,0.4711753726005554,13.424581527709961,103.43582153320312,65,6,18.383503913879395,41.11205196380615
full_control,11,28,total,shared_predictors,medium-large,0.9293993711471558,20.459869384765625,103.43582153320312,16,6,15.290475130081177,41.11205196380615
full_control,11,28,total,deep_backbone,small-medium,0.4734852910041809,56.62602996826172,105.44364166259766,65,16,18.383503913879395,15.290475130081177
full_control,11,28,total,deep_backbone,small-large,0.3948453962802887,56.62602996826172,460.9958801269531,65,6,18.383503913879395,41.11205196380615
full_control,11,28,total,deep_backbone,medium-large,0.7860727906227112,105.44364166259766,460.9958801269531,16,6,15.290475130081177,41.11205196380615
full_control,11,28,total,neck,small-medium,0.5035125017166138,41.0986213684082,82.53909301757812,65,16,18.383503913879395,15.290475130081177
full_control,11,28,total,neck,small-large,0.44939327239990234,41.0986213684082,362.3779296875,65,6,18.383503913879395,41.11205196380615
full_control,11,28,total,neck,medium-large,0.6978161334991455,82.53909301757812,362.3779296875,16,6,15.290475130081177,41.11205196380615
full_control,12,42,localization,shared_features,small-medium,0.12446390837430954,8.132561683654785,11.59724235534668,78,9,17.196515560150146,25.00188684463501
full_control,12,42,localization,shared_features,small-large,0.02753286249935627,8.132561683654785,49.357391357421875,78,1,17.196515560150146,284.237370967865
full_control,12,42,localization,shared_features,medium-large,-0.05747094005346298,11.59724235534668,49.357391357421875,9,1,25.00188684463501,284.237370967865
full_control,12,42,localization,shared_predictors,small-medium,0.17809368669986725,5.775363922119141,8.933160781860352,78,9,17.196515560150146,25.00188684463501
full_control,12,42,localization,shared_predictors,small-large,0.027386289089918137,5.775363922119141,36.091094970703125,78,1,17.196515560150146,284.237370967865
full_control,12,42,localization,shared_predictors,medium-large,0.10108955204486847,8.933160781860352,36.091094970703125,9,1,25.00188684463501,284.237370967865
full_control,12,42,localization,deep_backbone,small-medium,-0.14218463003635406,41.156089782714844,52.0065803527832,78,9,17.196515560150146,25.00188684463501
full_control,12,42,localization,deep_backbone,small-large,-0.02508329600095749,41.156089782714844,242.3037872314453,78,1,17.196515560150146,284.237370967865
full_control,12,42,localization,deep_backbone,medium-large,0.07253294438123703,52.0065803527832,242.3037872314453,9,1,25.00188684463501,284.237370967865
full_control,12,42,localization,neck,small-medium,0.03208430856466293,19.805498123168945,30.514999389648438,78,9,17.196515560150146,25.00188684463501
full_control,12,42,localization,neck,small-large,-0.0031020098831504583,19.805498123168945,190.41796875,78,1,17.196515560150146,284.237370967865
full_control,12,42,localization,neck,medium-large,0.04841770604252815,30.514999389648438,190.41796875,9,1,25.00188684463501,284.237370967865
full_control,12,42,total,shared_features,small-medium,0.6192272305488586,14.09010124206543,119.6655502319336,78,9,17.196515560150146,25.00188684463501
full_control,12,42,total,shared_features,small-large,0.6899197697639465,14.09010124206543,2184.777099609375,78,1,17.196515560150146,284.237370967865
full_control,12,42,total,shared_features,medium-large,0.97298663854599,119.6655502319336,2184.777099609375,9,1,25.00188684463501,284.237370967865
full_control,12,42,total,shared_predictors,small-medium,0.5802401900291443,7.382514953613281,67.6677474975586,78,9,17.196515560150146,25.00188684463501
full_control,12,42,total,shared_predictors,small-large,0.5863563418388367,7.382514953613281,1247.49951171875,78,1,17.196515560150146,284.237370967865
full_control,12,42,total,shared_predictors,medium-large,0.9840734004974365,67.6677474975586,1247.49951171875,9,1,25.00188684463501,284.237370967865
full_control,12,42,total,deep_backbone,small-medium,0.19810143113136292,50.15976333618164,203.4212188720703,78,9,17.196515560150146,25.00188684463501
full_control,12,42,total,deep_backbone,small-large,0.2550024092197418,50.15976333618164,3360.82275390625,78,1,17.196515560150146,284.237370967865
full_control,12,42,total,deep_backbone,medium-large,0.9097325205802917,203.4212188720703,3360.82275390625,9,1,25.00188684463501,284.237370967865
full_control,12,42,total,neck,small-medium,0.37543851137161255,26.759096145629883,163.3526611328125,78,9,17.196515560150146,25.00188684463501
full_control,12,42,total,neck,small-large,0.463518351316452,26.759096145629883,2826.47607421875,78,1,17.196515560150146,284.237370967865
full_control,12,42,total,neck,medium-large,0.9305009245872498,163.3526611328125,2826.47607421875,9,1,25.00188684463501,284.237370967865
full_control,13,57,localization,shared_features,small-medium,-0.0322408601641655,3.773719072341919,7.461095809936523,828,25,16.774681091308594,35.053335547447205
full_control,13,57,localization,shared_features,small-large,0.06406158208847046,3.773719072341919,18.742605209350586,828,2,16.774681091308594,364.27543926239014
full_control,13,57,localization,shared_features,medium-large,0.38250619173049927,7.461095809936523,18.742605209350586,25,2,35.053335547447205,364.27543926239014
full_control,13,57,localization,shared_predictors,small-medium,-0.01656520366668701,4.337230682373047,3.8312439918518066,828,25,16.774681091308594,35.053335547447205
full_control,13,57,localization,shared_predictors,small-large,0.04685816168785095,4.337230682373047,10.382681846618652,828,2,16.774681091308594,364.27543926239014
full_control,13,57,localization,shared_predictors,medium-large,0.11173786967992783,3.8312439918518066,10.382681846618652,25,2,35.053335547447205,364.27543926239014
full_control,13,57,localization,deep_backbone,small-medium,-0.07416658103466034,9.64766788482666,24.312236785888672,828,25,16.774681091308594,35.053335547447205
full_control,13,57,localization,deep_backbone,small-large,-0.03080756776034832,9.64766788482666,40.25290298461914,828,2,16.774681091308594,364.27543926239014
full_control,13,57,localization,deep_backbone,medium-large,0.25636622309684753,24.312236785888672,40.25290298461914,25,2,35.053335547447205,364.27543926239014
full_control,13,57,localization,neck,small-medium,0.005780836101621389,6.777193546295166,18.526935577392578,828,25,16.774681091308594,35.053335547447205
full_control,13,57,localization,neck,small-large,-0.00836622528731823,6.777193546295166,46.052276611328125,828,2,16.774681091308594,364.27543926239014
full_control,13,57,localization,neck,medium-large,0.08073897659778595,18.526935577392578,46.052276611328125,25,2,35.053335547447205,364.27543926239014
full_control,13,57,total,shared_features,small-medium,0.4586777687072754,6.9641432762146,185.7117919921875,828,25,16.774681091308594,35.053335547447205
full_control,13,57,total,shared_features,small-large,0.5439616441726685,6.9641432762146,2297.6005859375,828,2,16.774681091308594,364.27543926239014
full_control,13,57,total,shared_features,medium-large,0.9875204563140869,185.7117919921875,2297.6005859375,25,2,35.053335547447205,364.27543926239014
full_control,13,57,total,shared_predictors,small-medium,0.3372865617275238,4.918532371520996,95.32151794433594,828,25,16.774681091308594,35.053335547447205
full_control,13,57,total,shared_predictors,small-large,0.3625573515892029,4.918532371520996,1230.5079345703125,828,2,16.774681091308594,364.27543926239014
full_control,13,57,total,shared_predictors,medium-large,0.9941202402114868,95.32151794433594,1230.5079345703125,25,2,35.053335547447205,364.27543926239014
full_control,13,57,total,deep_backbone,small-medium,0.2495173066854477,12.931319236755371,235.99208068847656,828,25,16.774681091308594,35.053335547447205
full_control,13,57,total,deep_backbone,small-large,0.28019943833351135,12.931319236755371,2794.919677734375,828,2,16.774681091308594,364.27543926239014
full_control,13,57,total,deep_backbone,medium-large,0.9881589412689209,235.99208068847656,2794.919677734375,25,2,35.053335547447205,364.27543926239014
full_control,13,57,total,neck,small-medium,0.32551032304763794,9.606080055236816,209.76625061035156,828,25,16.774681091308594,35.053335547447205
full_control,13,57,total,neck,small-large,0.3817873001098633,9.606080055236816,2554.511474609375,828,2,16.774681091308594,364.27543926239014
full_control,13,57,total,neck,medium-large,0.9836113452911377,209.76625061035156,2554.511474609375,25,2,35.053335547447205,364.27543926239014
full_control,14,60,localization,shared_features,small-medium,0.30756890773773193,3.850094795227051,6.718694686889648,481,35,14.464821338653564,24.912206649780273
full_control,14,60,localization,shared_features,small-large,-0.010112224146723747,3.850094795227051,33.765846252441406,481,1,14.464821338653564,945.3477876186371
full_control,14,60,localization,shared_features,medium-large,-0.09400738775730133,6.718694686889648,33.765846252441406,35,1,24.912206649780273,945.3477876186371
full_control,14,60,localization,shared_predictors,small-medium,0.1673598289489746,2.885122060775757,4.3018693923950195,481,35,14.464821338653564,24.912206649780273
full_control,14,60,localization,shared_predictors,small-large,0.09179746359586716,2.885122060775757,17.590181350708008,481,1,14.464821338653564,945.3477876186371
full_control,14,60,localization,shared_predictors,medium-large,-0.08168891817331314,4.3018693923950195,17.590181350708008,35,1,24.912206649780273,945.3477876186371
full_control,14,60,localization,deep_backbone,small-medium,0.14749440550804138,7.9438300132751465,10.77383804321289,481,35,14.464821338653564,24.912206649780273
full_control,14,60,localization,deep_backbone,small-large,-0.01358420867472887,7.9438300132751465,92.22687530517578,481,1,14.464821338653564,945.3477876186371
full_control,14,60,localization,deep_backbone,medium-large,0.05728200823068619,10.77383804321289,92.22687530517578,35,1,24.912206649780273,945.3477876186371
full_control,14,60,localization,neck,small-medium,0.09521286934614182,7.028517723083496,12.12083911895752,481,35,14.464821338653564,24.912206649780273
full_control,14,60,localization,neck,small-large,-0.011937432922422886,7.028517723083496,121.54505920410156,481,1,14.464821338653564,945.3477876186371
full_control,14,60,localization,neck,medium-large,-0.02048651874065399,12.12083911895752,121.54505920410156,35,1,24.912206649780273,945.3477876186371
full_control,14,60,total,shared_features,small-medium,0.40204155445098877,8.406295776367188,99.1955337524414,481,35,14.464821338653564,24.912206649780273
full_control,14,60,total,shared_features,small-large,0.5863935351371765,8.406295776367188,5278.47607421875,481,1,14.464821338653564,945.3477876186371
full_control,14,60,total,shared_features,medium-large,0.9536262154579163,99.1955337524414,5278.47607421875,35,1,24.912206649780273,945.3477876186371
full_control,14,60,total,shared_predictors,small-medium,0.46542033553123474,3.974728584289551,68.39676666259766,481,35,14.464821338653564,24.912206649780273
full_control,14,60,total,shared_predictors,small-large,0.5107645392417908,3.974728584289551,3549.870849609375,481,1,14.464821338653564,945.3477876186371
full_control,14,60,total,shared_predictors,medium-large,0.9909012317657471,68.39676666259766,3549.870849609375,35,1,24.912206649780273,945.3477876186371
full_control,14,60,total,deep_backbone,small-medium,0.2570749521255493,12.15771198272705,137.67405700683594,481,35,14.464821338653564,24.912206649780273
full_control,14,60,total,deep_backbone,small-large,0.296408087015152,12.15771198272705,6633.595703125,481,1,14.464821338653564,945.3477876186371
full_control,14,60,total,deep_backbone,medium-large,0.977201521396637,137.67405700683594,6633.595703125,35,1,24.912206649780273,945.3477876186371
full_control,14,60,total,neck,small-medium,0.2252134084701538,10.864391326904297,119.38973999023438,481,35,14.464821338653564,24.912206649780273
full_control,14,60,total,neck,small-large,0.3535580635070801,10.864391326904297,5956.72705078125,481,1,14.464821338653564,945.3477876186371
full_control,14,60,total,neck,medium-large,0.959371030330658,119.38973999023438,5956.72705078125,35,1,24.912206649780273,945.3477876186371
full_control,15,61,localization,shared_features,small-medium,0.2621018588542938,3.8296873569488525,9.714391708374023,459,27,13.809389114379883,28.026246070861816
full_control,15,61,localization,shared_features,small-large,0.017170002683997154,3.8296873569488525,19.115217208862305,459,2,13.809389114379883,453.1999168395996
full_control,15,61,localization,shared_features,medium-large,0.2625069320201874,9.714391708374023,19.115217208862305,27,2,28.026246070861816,453.1999168395996
full_control,15,61,localization,shared_predictors,small-medium,0.05482015758752823,3.582998275756836,5.2977519035339355,459,27,13.809389114379883,28.026246070861816
full_control,15,61,localization,shared_predictors,small-large,0.043138064444065094,3.582998275756836,12.295454978942871,459,2,13.809389114379883,453.1999168395996
full_control,15,61,localization,shared_predictors,medium-large,0.29559820890426636,5.2977519035339355,12.295454978942871,27,2,28.026246070861816,453.1999168395996
full_control,15,61,localization,deep_backbone,small-medium,0.21061494946479797,6.8877854347229,18.665185928344727,459,27,13.809389114379883,28.026246070861816
full_control,15,61,localization,deep_backbone,small-large,-0.013725635595619678,6.8877854347229,75.81941223144531,459,2,13.809389114379883,453.1999168395996
full_control,15,61,localization,deep_backbone,medium-large,0.24856527149677277,18.665185928344727,75.81941223144531,27,2,28.026246070861816,453.1999168395996
full_control,15,61,localization,neck,small-medium,0.11781817674636841,6.217973232269287,17.6112117767334,459,27,13.809389114379883,28.026246070861816
full_control,15,61,localization,neck,small-large,0.002140342490747571,6.217973232269287,73.47900390625,459,2,13.809389114379883,453.1999168395996
full_control,15,61,localization,neck,medium-large,0.06132255494594574,17.6112117767334,73.47900390625,27,2,28.026246070861816,453.1999168395996
full_control,15,61,total,shared_features,small-medium,0.4967966675758362,8.488431930541992,117.24136352539062,459,27,13.809389114379883,28.026246070861816
full_control,15,61,total,shared_features,small-large,0.6150010824203491,8.488431930541992,2551.154052734375,459,2,13.809389114379883,453.1999168395996
full_control,15,61,total,shared_features,medium-large,0.974036455154419,117.24136352539062,2551.154052734375,27,2,28.026246070861816,453.1999168395996
full_control,15,61,total,shared_predictors,small-medium,0.4483034610748291,4.544365406036377,77.8067398071289,459,27,13.809389114379883,28.026246070861816
full_control,15,61,total,shared_predictors,small-large,0.4693317711353302,4.544365406036377,1680.9267578125,459,2,13.809389114379883,453.1999168395996
full_control,15,61,total,shared_predictors,medium-large,0.9943856000900269,77.8067398071289,1680.9267578125,27,2,28.026246070861816,453.1999168395996
full_control,15,61,total,deep_backbone,small-medium,0.19972075521945953,12.045921325683594,140.82839965820312,459,27,13.809389114379883,28.026246070861816
full_control,15,61,total,deep_backbone,small-large,0.26447048783302307,12.045921325683594,2722.71923828125,459,2,13.809389114379883,453.1999168395996
full_control,15,61,total,deep_backbone,medium-large,0.9687056541442871,140.82839965820312,2722.71923828125,27,2,28.026246070861816,453.1999168395996
full_control,15,61,total,neck,small-medium,0.3130102753639221,10.425736427307129,135.65631103515625,459,27,13.809389114379883,28.026246070861816
full_control,15,61,total,neck,small-large,0.4162173569202423,10.425736427307129,2786.550537109375,459,2,13.809389114379883,453.1999168395996
full_control,15,61,total,neck,medium-large,0.9607515335083008,135.65631103515625,2786.550537109375,27,2,28.026246070861816,453.1999168395996
p4only_candidate,0,1,localization,shared_features,small-medium,-0.02661285176873207,7.590005874633789,5.06869649887085,50,76,19.01797580718994,13.247624397277832
p4only_candidate,0,1,localization,shared_features,small-large,0.1351858526468277,7.590005874633789,21.816892623901367,50,6,19.01797580718994,98.63072967529297
p4only_candidate,0,1,localization,shared_features,medium-large,0.1696196347475052,5.06869649887085,21.816892623901367,76,6,13.247624397277832,98.63072967529297
p4only_candidate,0,1,localization,shared_predictors,small-medium,0.09561488032341003,4.948060512542725,3.397850751876831,50,76,19.01797580718994,13.247624397277832
p4only_candidate,0,1,localization,shared_predictors,small-large,0.1422160565853119,4.948060512542725,23.43296241760254,50,6,19.01797580718994,98.63072967529297
p4only_candidate,0,1,localization,shared_predictors,medium-large,0.0884123221039772,3.397850751876831,23.43296241760254,76,6,13.247624397277832,98.63072967529297
p4only_candidate,0,1,localization,deep_backbone,small-medium,-0.08705566078424454,21.728363037109375,19.964834213256836,50,76,19.01797580718994,13.247624397277832
p4only_candidate,0,1,localization,deep_backbone,small-large,-0.07812108844518661,21.728363037109375,91.40692138671875,50,6,19.01797580718994,98.63072967529297
p4only_candidate,0,1,localization,deep_backbone,medium-large,0.02560252510011196,19.964834213256836,91.40692138671875,76,6,13.247624397277832,98.63072967529297
p4only_candidate,0,1,localization,neck,small-medium,-0.05038851499557495,17.467552185058594,18.822864532470703,50,76,19.01797580718994,13.247624397277832
p4only_candidate,0,1,localization,neck,small-large,-0.009255253709852695,17.467552185058594,107.85186004638672,50,6,19.01797580718994,98.63072967529297
p4only_candidate,0,1,localization,neck,medium-large,-0.11866220831871033,18.822864532470703,107.85186004638672,76,6,13.247624397277832,98.63072967529297
p4only_candidate,0,1,total,shared_features,small-medium,0.7289533615112305,52.5470085144043,19.7419376373291,50,76,19.01797580718994,13.247624397277832
p4only_candidate,0,1,total,shared_features,small-large,0.9542926549911499,52.5470085144043,621.999755859375,50,6,19.01797580718994,98.63072967529297
p4only_candidate,0,1,total,shared_features,medium-large,0.8214366436004639,19.7419376373291,621.999755859375,76,6,13.247624397277832,98.63072967529297
p4only_candidate,0,1,total,shared_predictors,small-medium,0.7205355763435364,28.831600189208984,11.30622673034668,50,76,19.01797580718994,13.247624397277832
p4only_candidate,0,1,total,shared_predictors,small-large,0.9228284358978271,28.831600189208984,352.0935974121094,50,6,19.01797580718994,98.63072967529297
p4only_candidate,0,1,total,shared_predictors,medium-large,0.8866884112358093,11.30622673034668,352.0935974121094,76,6,13.247624397277832,98.63072967529297
p4only_candidate,0,1,total,deep_backbone,small-medium,0.3890902101993561,87.59929656982422,38.50625991821289,50,76,19.01797580718994,13.247624397277832
p4only_candidate,0,1,total,deep_backbone,small-large,0.8715810179710388,87.59929656982422,946.6849975585938,50,6,19.01797580718994,98.63072967529297
p4only_candidate,0,1,total,deep_backbone,medium-large,0.5895751714706421,38.50625991821289,946.6849975585938,76,6,13.247624397277832,98.63072967529297
p4only_candidate,0,1,total,neck,small-medium,0.4480832517147064,94.08064270019531,35.13823318481445,50,76,19.01797580718994,13.247624397277832
p4only_candidate,0,1,total,neck,small-large,0.9203102588653564,94.08064270019531,961.905517578125,50,6,19.01797580718994,98.63072967529297
p4only_candidate,0,1,total,neck,medium-large,0.5391813516616821,35.13823318481445,961.905517578125,76,6,13.247624397277832,98.63072967529297
p4only_candidate,1,2,localization,shared_features,small-medium,0.29359617829322815,8.75462532043457,5.448419094085693,46,56,24.45755434036255,13.260382652282715
p4only_candidate,1,2,localization,shared_features,small-large,0.03473006933927536,8.75462532043457,28.231904983520508,46,11,24.45755434036255,47.68831920623779
p4only_candidate,1,2,localization,shared_features,medium-large,-0.18259677290916443,5.448419094085693,28.231904983520508,56,11,13.260382652282715,47.68831920623779
p4only_candidate,1,2,localization,shared_predictors,small-medium,0.15691891312599182,6.15610933303833,3.8876163959503174,46,56,24.45755434036255,13.260382652282715
p4only_candidate,1,2,localization,shared_predictors,small-large,0.13569973409175873,6.15610933303833,17.306575775146484,46,11,24.45755434036255,47.68831920623779
p4only_candidate,1,2,localization,shared_predictors,medium-large,-0.057694971561431885,3.8876163959503174,17.306575775146484,56,11,13.260382652282715,47.68831920623779
p4only_candidate,1,2,localization,deep_backbone,small-medium,0.20816770195960999,35.68050765991211,18.78521156311035,46,56,24.45755434036255,13.260382652282715
p4only_candidate,1,2,localization,deep_backbone,small-large,-0.008001262322068214,35.68050765991211,125.75782012939453,46,11,24.45755434036255,47.68831920623779
p4only_candidate,1,2,localization,deep_backbone,medium-large,-0.21583089232444763,18.78521156311035,125.75782012939453,56,11,13.260382652282715,47.68831920623779
p4only_candidate,1,2,localization,neck,small-medium,0.14196234941482544,21.763917922973633,17.78675651550293,46,56,24.45755434036255,13.260382652282715
p4only_candidate,1,2,localization,neck,small-large,-0.007617834955453873,21.763917922973633,108.64694213867188,46,11,24.45755434036255,47.68831920623779
p4only_candidate,1,2,localization,neck,medium-large,-0.03443111851811409,17.78675651550293,108.64694213867188,56,11,13.260382652282715,47.68831920623779
p4only_candidate,1,2,total,shared_features,small-medium,0.8123334646224976,66.8257064819336,22.65812110900879,46,56,24.45755434036255,13.260382652282715
p4only_candidate,1,2,total,shared_features,small-large,0.9296924471855164,66.8257064819336,300.1606140136719,46,11,24.45755434036255,47.68831920623779
p4only_candidate,1,2,total,shared_features,medium-large,0.8228379487991333,22.65812110900879,300.1606140136719,56,11,13.260382652282715,47.68831920623779
p4only_candidate,1,2,total,shared_predictors,small-medium,0.8597236275672913,32.43218994140625,10.296429634094238,46,56,24.45755434036255,13.260382652282715
p4only_candidate,1,2,total,shared_predictors,small-large,0.9338035583496094,32.43218994140625,144.4909210205078,46,11,24.45755434036255,47.68831920623779
p4only_candidate,1,2,total,shared_predictors,medium-large,0.8968906998634338,10.296429634094238,144.4909210205078,56,11,13.260382652282715,47.68831920623779
p4only_candidate,1,2,total,deep_backbone,small-medium,0.5542072057723999,112.33256530761719,44.117332458496094,46,56,24.45755434036255,13.260382652282715
p4only_candidate,1,2,total,deep_backbone,small-large,0.7272554636001587,112.33256530761719,489.8951110839844,46,11,24.45755434036255,47.68831920623779
p4only_candidate,1,2,total,deep_backbone,medium-large,0.6933363676071167,44.117332458496094,489.8951110839844,56,11,13.260382652282715,47.68831920623779
p4only_candidate,1,2,total,neck,small-medium,0.5299432873725891,117.36170196533203,37.320987701416016,46,56,24.45755434036255,13.260382652282715
p4only_candidate,1,2,total,neck,small-large,0.8302504420280457,117.36170196533203,456.18609619140625,46,11,24.45755434036255,47.68831920623779
p4only_candidate,1,2,total,neck,medium-large,0.5097202658653259,37.320987701416016,456.18609619140625,56,11,13.260382652282715,47.68831920623779
p4only_candidate,2,3,localization,shared_features,small-medium,-0.2792932391166687,6.318192005157471,4.715133190155029,133,52,20.38547945022583,13.810614347457886
p4only_candidate,2,3,localization,shared_features,small-large,-0.1793508231639862,6.318192005157471,47.805564880371094,133,1,20.38547945022583,393.952787399292
p4only_candidate,2,3,localization,shared_features,medium-large,-0.05697071924805641,4.715133190155029,47.805564880371094,52,1,13.810614347457886,393.952787399292
p4only_candidate,2,3,localization,shared_predictors,small-medium,-0.15556173026561737,3.822707176208496,3.0255682468414307,133,52,20.38547945022583,13.810614347457886
p4only_candidate,2,3,localization,shared_predictors,small-large,-0.22127610445022583,3.822707176208496,49.31578826904297,133,1,20.38547945022583,393.952787399292
p4only_candidate,2,3,localization,shared_predictors,medium-large,-0.08253171294927597,3.0255682468414307,49.31578826904297,52,1,13.810614347457886,393.952787399292
p4only_candidate,2,3,localization,deep_backbone,small-medium,-0.2752131521701813,23.12896156311035,15.227017402648926,133,52,20.38547945022583,13.810614347457886
p4only_candidate,2,3,localization,deep_backbone,small-large,0.0654386356472969,23.12896156311035,172.99423217773438,133,1,20.38547945022583,393.952787399292
p4only_candidate,2,3,localization,deep_backbone,medium-large,0.12883977591991425,15.227017402648926,172.99423217773438,52,1,13.810614347457886,393.952787399292
p4only_candidate,2,3,localization,neck,small-medium,-0.20758530497550964,17.53008460998535,14.586423873901367,133,52,20.38547945022583,13.810614347457886
p4only_candidate,2,3,localization,neck,small-large,0.00581232039257884,17.53008460998535,204.41424560546875,133,1,20.38547945022583,393.952787399292
p4only_candidate,2,3,localization,neck,medium-large,0.020472779870033264,14.586423873901367,204.41424560546875,52,1,13.810614347457886,393.952787399292
p4only_candidate,2,3,total,shared_features,small-medium,0.46737489104270935,14.967266082763672,25.208032608032227,133,52,20.38547945022583,13.810614347457886
p4only_candidate,2,3,total,shared_features,small-large,0.5728391408920288,14.967266082763672,2456.6640625,133,1,20.38547945022583,393.952787399292
p4only_candidate,2,3,total,shared_features,medium-large,0.907646656036377,25.208032608032227,2456.6640625,52,1,13.810614347457886,393.952787399292
p4only_candidate,2,3,total,shared_predictors,small-medium,0.8620965480804443,13.812347412109375,14.896649360656738,133,52,20.38547945022583,13.810614347457886
p4only_candidate,2,3,total,shared_predictors,small-large,0.8974490165710449,13.812347412109375,1870.5391845703125,133,1,20.38547945022583,393.952787399292
p4only_candidate,2,3,total,shared_predictors,medium-large,0.9709651470184326,14.896649360656738,1870.5391845703125,52,1,13.810614347457886,393.952787399292
p4only_candidate,2,3,total,deep_backbone,small-medium,0.1873101443052292,48.035247802734375,50.689205169677734,133,52,20.38547945022583,13.810614347457886
p4only_candidate,2,3,total,deep_backbone,small-large,0.2619512975215912,48.035247802734375,3933.6982421875,133,1,20.38547945022583,393.952787399292
p4only_candidate,2,3,total,deep_backbone,medium-large,0.8162294626235962,50.689205169677734,3933.6982421875,52,1,13.810614347457886,393.952787399292
p4only_candidate,2,3,total,neck,small-medium,0.16880546510219574,33.999412536621094,41.37704086303711,133,52,20.38547945022583,13.810614347457886
p4only_candidate,2,3,total,neck,small-large,0.3659033179283142,33.999412536621094,3296.48876953125,133,1,20.38547945022583,393.952787399292
p4only_candidate,2,3,total,neck,medium-large,0.7560576796531677,41.37704086303711,3296.48876953125,52,1,13.810614347457886,393.952787399292
p4only_candidate,3,19,localization,shared_features,small-medium,0.10328444093465805,6.399224758148193,6.121048450469971,313,25,18.42855739593506,25.003854990005493
p4only_candidate,3,19,localization,shared_features,small-large,0.027715811505913734,6.399224758148193,11.594367980957031,313,3,18.42855739593506,178.0919245481491
p4only_candidate,3,19,localization,shared_features,medium-large,0.13125835359096527,6.121048450469971,11.594367980957031,25,3,25.003854990005493,178.0919245481491
p4only_candidate,3,19,localization,shared_predictors,small-medium,0.11426230520009995,4.5370917320251465,4.772697448730469,313,25,18.42855739593506,25.003854990005493
p4only_candidate,3,19,localization,shared_predictors,small-large,0.15580260753631592,4.5370917320251465,9.119288444519043,313,3,18.42855739593506,178.0919245481491
p4only_candidate,3,19,localization,shared_predictors,medium-large,0.016741007566452026,4.772697448730469,9.119288444519043,25,3,25.003854990005493,178.0919245481491
p4only_candidate,3,19,localization,deep_backbone,small-medium,-0.04202016443014145,12.244593620300293,14.6475191116333,313,25,18.42855739593506,25.003854990005493
p4only_candidate,3,19,localization,deep_backbone,small-large,-0.19557788968086243,12.244593620300293,30.675228118896484,313,3,18.42855739593506,178.0919245481491
p4only_candidate,3,19,localization,deep_backbone,medium-large,0.03541557490825653,14.6475191116333,30.675228118896484,25,3,25.003854990005493,178.0919245481491
p4only_candidate,3,19,localization,neck,small-medium,-0.03393556922674179,10.154046058654785,15.199578285217285,313,25,18.42855739593506,25.003854990005493
p4only_candidate,3,19,localization,neck,small-large,-0.07446368783712387,10.154046058654785,33.60863494873047,313,3,18.42855739593506,178.0919245481491
p4only_candidate,3,19,localization,neck,medium-large,0.10969695448875427,15.199578285217285,33.60863494873047,25,3,25.003854990005493,178.0919245481491
p4only_candidate,3,19,total,shared_features,small-medium,0.23091484606266022,8.183679580688477,191.24681091308594,313,25,18.42855739593506,25.003854990005493
p4only_candidate,3,19,total,shared_features,small-large,0.2520086169242859,8.183679580688477,1675.5235595703125,313,3,18.42855739593506,178.0919245481491
p4only_candidate,3,19,total,shared_features,medium-large,0.9969409704208374,191.24681091308594,1675.5235595703125,25,3,25.003854990005493,178.0919245481491
p4only_candidate,3,19,total,shared_predictors,small-medium,0.2056461125612259,6.079521656036377,97.79569244384766,313,25,18.42855739593506,25.003854990005493
p4only_candidate,3,19,total,shared_predictors,small-large,0.29074591398239136,6.079521656036377,868.3326416015625,313,3,18.42855739593506,178.0919245481491
p4only_candidate,3,19,total,shared_predictors,medium-large,0.9882531762123108,97.79569244384766,868.3326416015625,25,3,25.003854990005493,178.0919245481491
p4only_candidate,3,19,total,deep_backbone,small-medium,0.2079990953207016,16.116209030151367,225.5421142578125,313,25,18.42855739593506,25.003854990005493
p4only_candidate,3,19,total,deep_backbone,small-large,0.2519436180591583,16.116209030151367,2018.077392578125,313,3,18.42855739593506,178.0919245481491
p4only_candidate,3,19,total,deep_backbone,medium-large,0.9881040453910828,225.5421142578125,2018.077392578125,25,3,25.003854990005493,178.0919245481491
p4only_candidate,3,19,total,neck,small-medium,0.14618217945098877,13.473099708557129,189.95684814453125,313,25,18.42855739593506,25.003854990005493
p4only_candidate,3,19,total,neck,small-large,0.2026326209306717,13.473099708557129,1701.2384033203125,313,3,18.42855739593506,178.0919245481491
p4only_candidate,3,19,total,neck,medium-large,0.9870774745941162,189.95684814453125,1701.2384033203125,25,3,25.003854990005493,178.0919245481491
p4only_candidate,4,21,localization,shared_features,small-medium,0.07886593788862228,3.4051308631896973,13.171899795532227,315,17,14.823273181915283,54.90831470489502
p4only_candidate,4,21,localization,shared_features,small-large,-0.02759821154177189,3.4051308631896973,49.34122848510742,315,1,14.823273181915283,589.3809590339661
p4only_candidate,4,21,localization,shared_features,medium-large,0.1524566113948822,13.171899795532227,49.34122848510742,17,1,54.90831470489502,589.3809590339661
p4only_candidate,4,21,localization,shared_predictors,small-medium,0.12445864081382751,3.4895355701446533,7.893672943115234,315,17,14.823273181915283,54.90831470489502
p4only_candidate,4,21,localization,shared_predictors,small-large,-0.02246754616498947,3.4895355701446533,26.765377044677734,315,1,14.823273181915283,589.3809590339661
p4only_candidate,4,21,localization,shared_predictors,medium-large,0.12617358565330505,7.893672943115234,26.765377044677734,17,1,54.90831470489502,589.3809590339661
p4only_candidate,4,21,localization,deep_backbone,small-medium,0.13470254838466644,8.385632514953613,53.59906005859375,315,17,14.823273181915283,54.90831470489502
p4only_candidate,4,21,localization,deep_backbone,small-large,-0.020354488864541054,8.385632514953613,402.7005615234375,315,1,14.823273181915283,589.3809590339661
p4only_candidate,4,21,localization,deep_backbone,medium-large,0.19880931079387665,53.59906005859375,402.7005615234375,17,1,54.90831470489502,589.3809590339661
p4only_candidate,4,21,localization,neck,small-medium,0.033232543617486954,6.570494174957275,37.94651794433594,315,17,14.823273181915283,54.90831470489502
p4only_candidate,4,21,localization,neck,small-large,-0.024915751069784164,6.570494174957275,231.91490173339844,315,1,14.823273181915283,589.3809590339661
p4only_candidate,4,21,localization,neck,medium-large,0.04474487155675888,37.94651794433594,231.91490173339844,17,1,54.90831470489502,589.3809590339661
p4only_candidate,4,21,total,shared_features,small-medium,0.561181902885437,6.2554826736450195,432.4840393066406,315,17,14.823273181915283,54.90831470489502
p4only_candidate,4,21,total,shared_features,small-large,0.5697767734527588,6.2554826736450195,6064.4609375,315,1,14.823273181915283,589.3809590339661
p4only_candidate,4,21,total,shared_features,medium-large,0.9986127614974976,432.4840393066406,6064.4609375,17,1,54.90831470489502,589.3809590339661
p4only_candidate,4,21,total,shared_predictors,small-medium,0.3186292052268982,3.8569507598876953,230.95343017578125,315,17,14.823273181915283,54.90831470489502
p4only_candidate,4,21,total,shared_predictors,small-large,0.32110628485679626,3.8569507598876953,3247.5224609375,315,1,14.823273181915283,589.3809590339661
p4only_candidate,4,21,total,shared_predictors,medium-large,0.9989047050476074,230.95343017578125,3247.5224609375,17,1,54.90831470489502,589.3809590339661
p4only_candidate,4,21,total,deep_backbone,small-medium,0.5490552186965942,13.390021324157715,506.5829162597656,315,17,14.823273181915283,54.90831470489502
p4only_candidate,4,21,total,deep_backbone,small-large,0.5356108546257019,13.390021324157715,7190.0126953125,315,1,14.823273181915283,589.3809590339661
p4only_candidate,4,21,total,deep_backbone,medium-large,0.9867784380912781,506.5829162597656,7190.0126953125,17,1,54.90831470489502,589.3809590339661
p4only_candidate,4,21,total,neck,small-medium,0.45025795698165894,9.94662857055664,419.56671142578125,315,17,14.823273181915283,54.90831470489502
p4only_candidate,4,21,total,neck,small-large,0.4666023552417755,9.94662857055664,5893.8564453125,315,1,14.823273181915283,589.3809590339661
p4only_candidate,4,21,total,neck,medium-large,0.9904882907867432,419.56671142578125,5893.8564453125,17,1,54.90831470489502,589.3809590339661
p4only_candidate,5,22,localization,shared_features,small-medium,0.03720314800739288,4.804617404937744,7.130621910095215,289,30,16.05313491821289,24.31272792816162
p4only_candidate,5,22,localization,shared_features,small-large,-0.005512055940926075,4.804617404937744,37.366607666015625,289,1,16.05313491821289,835.9330706596375
p4only_candidate,5,22,localization,shared_features,medium-large,0.21897046267986298,7.130621910095215,37.366607666015625,30,1,24.31272792816162,835.9330706596375
p4only_candidate,5,22,localization,shared_predictors,small-medium,-0.10337569564580917,4.736964225769043,4.459295749664307,289,30,16.05313491821289,24.31272792816162
p4only_candidate,5,22,localization,shared_predictors,small-large,-0.045640043914318085,4.736964225769043,35.588165283203125,289,1,16.05313491821289,835.9330706596375
p4only_candidate,5,22,localization,shared_predictors,medium-large,0.2167769819498062,4.459295749664307,35.588165283203125,30,1,24.31272792816162,835.9330706596375
p4only_candidate,5,22,localization,deep_backbone,small-medium,-0.1821805238723755,10.590478897094727,17.628692626953125,289,30,16.05313491821289,24.31272792816162
p4only_candidate,5,22,localization,deep_backbone,small-large,0.034335989505052567,10.590478897094727,142.24351501464844,289,1,16.05313491821289,835.9330706596375
p4only_candidate,5,22,localization,deep_backbone,medium-large,0.10126496106386185,17.628692626953125,142.24351501464844,30,1,24.31272792816162,835.9330706596375
p4only_candidate,5,22,localization,neck,small-medium,0.05388331040740013,8.847123146057129,15.848788261413574,289,30,16.05313491821289,24.31272792816162
p4only_candidate,5,22,localization,neck,small-large,0.003086648415774107,8.847123146057129,125.77983856201172,289,1,16.05313491821289,835.9330706596375
p4only_candidate,5,22,localization,neck,medium-large,0.16648049652576447,15.848788261413574,125.77983856201172,30,1,24.31272792816162,835.9330706596375
p4only_candidate,5,22,total,shared_features,small-medium,-0.1869543045759201,6.110252857208252,170.07012939453125,289,30,16.05313491821289,24.31272792816162
p4only_candidate,5,22,total,shared_features,small-large,-0.14221607148647308,6.110252857208252,8259.283203125,289,1,16.05313491821289,835.9330706596375
p4only_candidate,5,22,total,shared_features,medium-large,0.993658721446991,170.07012939453125,8259.283203125,30,1,24.31272792816162,835.9330706596375
p4only_candidate,5,22,total,shared_predictors,small-medium,-0.1469939947128296,5.518553733825684,90.7813491821289,289,30,16.05313491821289,24.31272792816162
p4only_candidate,5,22,total,shared_predictors,small-large,-0.08376844227313995,5.518553733825684,4353.89306640625,289,1,16.05313491821289,835.9330706596375
p4only_candidate,5,22,total,shared_predictors,medium-large,0.9879410266876221,90.7813491821289,4353.89306640625,30,1,24.31272792816162,835.9330706596375
p4only_candidate,5,22,total,deep_backbone,small-medium,-0.26885879039764404,14.220023155212402,199.7027587890625,289,30,16.05313491821289,24.31272792816162
p4only_candidate,5,22,total,deep_backbone,small-large,-0.1678364872932434,14.220023155212402,10180.4775390625,289,1,16.05313491821289,835.9330706596375
p4only_candidate,5,22,total,deep_backbone,medium-large,0.9715055227279663,199.7027587890625,10180.4775390625,30,1,24.31272792816162,835.9330706596375
p4only_candidate,5,22,total,neck,small-medium,-0.13912609219551086,11.149685859680176,170.3970489501953,289,30,16.05313491821289,24.31272792816162
p4only_candidate,5,22,total,neck,small-large,-0.06416257470846176,11.149685859680176,8508.8291015625,289,1,16.05313491821289,835.9330706596375
p4only_candidate,5,22,total,neck,medium-large,0.9762499928474426,170.3970489501953,8508.8291015625,30,1,24.31272792816162,835.9330706596375
p4only_candidate,6,23,localization,shared_features,small-medium,0.13268212974071503,4.8534016609191895,6.864343643188477,247,20,15.802358150482178,22.781082272529602
p4only_candidate,6,23,localization,shared_features,small-large,0.0830257385969162,4.8534016609191895,50.71464538574219,247,1,15.802358150482178,599.9319787025452
p4only_candidate,6,23,localization,shared_features,medium-large,0.22837451100349426,6.864343643188477,50.71464538574219,20,1,22.781082272529602,599.9319787025452
p4only_candidate,6,23,localization,shared_predictors,small-medium,0.09989514946937561,5.102438449859619,4.951720714569092,247,20,15.802358150482178,22.781082272529602
p4only_candidate,6,23,localization,shared_predictors,small-large,0.06482147425413132,5.102438449859619,37.1984977722168,247,1,15.802358150482178,599.9319787025452
p4only_candidate,6,23,localization,shared_predictors,medium-large,0.21528583765029907,4.951720714569092,37.1984977722168,20,1,22.781082272529602,599.9319787025452
p4only_candidate,6,23,localization,deep_backbone,small-medium,0.14237715303897858,10.515324592590332,12.355937004089355,247,20,15.802358150482178,22.781082272529602
p4only_candidate,6,23,localization,deep_backbone,small-large,-0.020677661523222923,10.515324592590332,283.65936279296875,247,1,15.802358150482178,599.9319787025452
p4only_candidate,6,23,localization,deep_backbone,medium-large,0.05928697809576988,12.355937004089355,283.65936279296875,20,1,22.781082272529602,599.9319787025452
p4only_candidate,6,23,localization,neck,small-medium,0.002060468541458249,7.820836067199707,12.757617950439453,247,20,15.802358150482178,22.781082272529602
p4only_candidate,6,23,localization,neck,small-large,0.0007887617102824152,7.820836067199707,245.63619995117188,247,1,15.802358150482178,599.9319787025452
p4only_candidate,6,23,localization,neck,medium-large,0.06151546537876129,12.757617950439453,245.63619995117188,20,1,22.781082272529602,599.9319787025452
p4only_candidate,6,23,total,shared_features,small-medium,0.33467724919319153,6.5431318283081055,181.15847778320312,247,20,15.802358150482178,22.781082272529602
p4only_candidate,6,23,total,shared_features,small-large,0.36356693506240845,6.5431318283081055,5332.94384765625,247,1,15.802358150482178,599.9319787025452
p4only_candidate,6,23,total,shared_features,medium-large,0.9954763650894165,181.15847778320312,5332.94384765625,20,1,22.781082272529602,599.9319787025452
p4only_candidate,6,23,total,shared_predictors,small-medium,0.06303086876869202,5.907883644104004,82.58125305175781,247,20,15.802358150482178,22.781082272529602
p4only_candidate,6,23,total,shared_predictors,small-large,0.14760616421699524,5.907883644104004,2488.24072265625,247,1,15.802358150482178,599.9319787025452
p4only_candidate,6,23,total,shared_predictors,medium-large,0.9795070290565491,82.58125305175781,2488.24072265625,20,1,22.781082272529602,599.9319787025452
p4only_candidate,6,23,total,deep_backbone,small-medium,0.21295705437660217,13.19551944732666,197.03590393066406,247,20,15.802358150482178,22.781082272529602
p4only_candidate,6,23,total,deep_backbone,small-large,0.246803879737854,13.19551944732666,6091.13427734375,247,1,15.802358150482178,599.9319787025452
p4only_candidate,6,23,total,deep_backbone,medium-large,0.9831663370132446,197.03590393066406,6091.13427734375,20,1,22.781082272529602,599.9319787025452
p4only_candidate,6,23,total,neck,small-medium,0.11938262730836868,10.374228477478027,168.49298095703125,247,20,15.802358150482178,22.781082272529602
p4only_candidate,6,23,total,neck,small-large,0.18477275967597961,10.374228477478027,5136.880859375,247,1,15.802358150482178,599.9319787025452
p4only_candidate,6,23,total,neck,medium-large,0.9820073843002319,168.49298095703125,5136.880859375,20,1,22.781082272529602,599.9319787025452
p4only_candidate,7,24,localization,shared_features,small-medium,0.18912771344184875,9.042563438415527,10.720684051513672,125,12,12.441215753555298,28.080015182495117
p4only_candidate,7,24,localization,shared_features,small-large,0.02003294974565506,9.042563438415527,22.21757698059082,125,6,12.441215753555298,66.57080507278442
p4only_candidate,7,24,localization,shared_features,medium-large,0.024540696293115616,10.720684051513672,22.21757698059082,12,6,28.080015182495117,66.57080507278442
p4only_candidate,7,24,localization,shared_predictors,small-medium,0.10997670888900757,9.57431411743164,6.402961730957031,125,12,12.441215753555298,28.080015182495117
p4only_candidate,7,24,localization,shared_predictors,small-large,0.004033038858324289,9.57431411743164,14.752988815307617,125,6,12.441215753555298,66.57080507278442
p4only_candidate,7,24,localization,shared_predictors,medium-large,0.06022794917225838,6.402961730957031,14.752988815307617,12,6,28.080015182495117,66.57080507278442
p4only_candidate,7,24,localization,deep_backbone,small-medium,0.27304306626319885,16.585554122924805,29.477262496948242,125,12,12.441215753555298,28.080015182495117
p4only_candidate,7,24,localization,deep_backbone,small-large,-0.013562072068452835,16.585554122924805,67.53616333007812,125,6,12.441215753555298,66.57080507278442
p4only_candidate,7,24,localization,deep_backbone,medium-large,0.08246111124753952,29.477262496948242,67.53616333007812,12,6,28.080015182495117,66.57080507278442
p4only_candidate,7,24,localization,neck,small-medium,0.103681281208992,15.046049118041992,27.231584548950195,125,12,12.441215753555298,28.080015182495117
p4only_candidate,7,24,localization,neck,small-large,0.01516278088092804,15.046049118041992,65.09510040283203,125,6,12.441215753555298,66.57080507278442
p4only_candidate,7,24,localization,neck,medium-large,0.11377611756324768,27.231584548950195,65.09510040283203,12,6,28.080015182495117,66.57080507278442
p4only_candidate,7,24,total,shared_features,small-medium,-0.23619994521141052,11.286587715148926,233.82406616210938,125,12,12.441215753555298,28.080015182495117
p4only_candidate,7,24,total,shared_features,small-large,-0.22524957358837128,11.286587715148926,577.4307861328125,125,6,12.441215753555298,66.57080507278442
p4only_candidate,7,24,total,shared_features,medium-large,0.991761326789856,233.82406616210938,577.4307861328125,12,6,28.080015182495117,66.57080507278442
p4only_candidate,7,24,total,shared_predictors,small-medium,-0.2773458659648895,10.419374465942383,126.31285095214844,125,12,12.441215753555298,28.080015182495117
p4only_candidate,7,24,total,shared_predictors,small-large,-0.2692900598049164,10.419374465942383,307.2145690917969,125,6,12.441215753555298,66.57080507278442
p4only_candidate,7,24,total,shared_predictors,medium-large,0.9919643402099609,126.31285095214844,307.2145690917969,12,6,28.080015182495117,66.57080507278442
p4only_candidate,7,24,total,deep_backbone,small-medium,-0.04423511028289795,22.20663070678711,269.068603515625,125,12,12.441215753555298,28.080015182495117
p4only_candidate,7,24,total,deep_backbone,small-large,0.00980907492339611,22.20663070678711,675.6956787109375,125,6,12.441215753555298,66.57080507278442
p4only_candidate,7,24,total,deep_backbone,medium-large,0.9437019228935242,269.068603515625,675.6956787109375,12,6,28.080015182495117,66.57080507278442
p4only_candidate,7,24,total,neck,small-medium,-0.02227178029716015,20.141498565673828,233.608642578125,125,12,12.441215753555298,28.080015182495117
p4only_candidate,7,24,total,neck,small-large,-0.021043363958597183,20.141498565673828,577.4480590820312,125,6,12.441215753555298,66.57080507278442
p4only_candidate,7,24,total,neck,medium-large,0.938098669052124,233.608642578125,577.4480590820312,12,6,28.080015182495117,66.57080507278442
p4only_candidate,8,25,localization,shared_features,small-medium,0.27824318408966064,9.244019508361816,6.415833473205566,68,44,17.97943925857544,12.882172346115112
p4only_candidate,8,25,localization,shared_features,small-large,0.13694104552268982,9.244019508361816,15.717551231384277,68,2,17.97943925857544,151.12777769565582
p4only_candidate,8,25,localization,shared_features,medium-large,0.15841394662857056,6.415833473205566,15.717551231384277,44,2,12.882172346115112,151.12777769565582
p4only_candidate,8,25,localization,shared_predictors,small-medium,0.3518507480621338,7.665292263031006,4.974678993225098,68,44,17.97943925857544,12.882172346115112
p4only_candidate,8,25,localization,shared_predictors,small-large,0.04001379758119583,7.665292263031006,14.926228523254395,68,2,17.97943925857544,151.12777769565582
p4only_candidate,8,25,localization,shared_predictors,medium-large,0.0160167645663023,4.974678993225098,14.926228523254395,44,2,12.882172346115112,151.12777769565582
p4only_candidate,8,25,localization,deep_backbone,small-medium,0.16300714015960693,22.236854553222656,23.1822566986084,68,44,17.97943925857544,12.882172346115112
p4only_candidate,8,25,localization,deep_backbone,small-large,0.14060811698436737,22.236854553222656,59.78196334838867,68,2,17.97943925857544,151.12777769565582
p4only_candidate,8,25,localization,deep_backbone,medium-large,-0.010575391352176666,23.1822566986084,59.78196334838867,44,2,12.882172346115112,151.12777769565582
p4only_candidate,8,25,localization,neck,small-medium,0.05383140966296196,16.105079650878906,19.709827423095703,68,44,17.97943925857544,12.882172346115112
p4only_candidate,8,25,localization,neck,small-large,0.029692547395825386,16.105079650878906,48.62373352050781,68,2,17.97943925857544,151.12777769565582
p4only_candidate,8,25,localization,neck,medium-large,0.044662944972515106,19.709827423095703,48.62373352050781,44,2,12.882172346115112,151.12777769565582
p4only_candidate,8,25,total,shared_features,small-medium,0.42714399099349976,27.500600814819336,29.21721649169922,68,44,17.97943925857544,12.882172346115112
p4only_candidate,8,25,total,shared_features,small-large,0.7818112373352051,27.500600814819336,1061.746337890625,68,2,17.97943925857544,151.12777769565582
p4only_candidate,8,25,total,shared_features,medium-large,0.8245092034339905,29.21721649169922,1061.746337890625,44,2,12.882172346115112,151.12777769565582
p4only_candidate,8,25,total,shared_predictors,small-medium,0.2264297604560852,15.27968978881836,13.106093406677246,68,44,17.97943925857544,12.882172346115112
p4only_candidate,8,25,total,shared_predictors,small-large,0.6667108535766602,15.27968978881836,465.68316650390625,68,2,17.97943925857544,151.12777769565582
p4only_candidate,8,25,total,shared_predictors,medium-large,0.7010841369628906,13.106093406677246,465.68316650390625,44,2,12.882172346115112,151.12777769565582
p4only_candidate,8,25,total,deep_backbone,small-medium,0.49501553177833557,53.69755554199219,55.89260482788086,68,44,17.97943925857544,12.882172346115112
p4only_candidate,8,25,total,deep_backbone,small-large,0.8036431074142456,53.69755554199219,1831.5474853515625,68,2,17.97943925857544,151.12777769565582
p4only_candidate,8,25,total,deep_backbone,medium-large,0.7679267525672913,55.89260482788086,1831.5474853515625,44,2,12.882172346115112,151.12777769565582
p4only_candidate,8,25,total,neck,small-medium,0.23765183985233307,47.07050704956055,41.31255340576172,68,44,17.97943925857544,12.882172346115112
p4only_candidate,8,25,total,neck,small-large,0.8024395704269409,47.07050704956055,1452.9366455078125,68,2,17.97943925857544,151.12777769565582
p4only_candidate,8,25,total,neck,medium-large,0.5825346112251282,41.31255340576172,1452.9366455078125,44,2,12.882172346115112,151.12777769565582
p4only_candidate,9,26,localization,shared_features,small-medium,0.2134122997522354,5.725556373596191,6.878036975860596,150,37,16.883647918701172,13.551815271377563
p4only_candidate,9,26,localization,shared_features,small-large,-0.037066008895635605,5.725556373596191,20.373849868774414,150,3,16.883647918701172,121.0114483833313
p4only_candidate,9,26,localization,shared_features,medium-large,0.0020502014085650444,6.878036975860596,20.373849868774414,37,3,13.551815271377563,121.0114483833313
p4only_candidate,9,26,localization,shared_predictors,small-medium,0.28379735350608826,5.954554080963135,5.615261554718018,150,37,16.883647918701172,13.551815271377563
p4only_candidate,9,26,localization,shared_predictors,small-large,-0.19323593378067017,5.954554080963135,16.465503692626953,150,3,16.883647918701172,121.0114483833313
p4only_candidate,9,26,localization,shared_predictors,medium-large,-0.17220261693000793,5.615261554718018,16.465503692626953,37,3,13.551815271377563,121.0114483833313
p4only_candidate,9,26,localization,deep_backbone,small-medium,0.40127867460250854,18.368703842163086,20.652217864990234,150,37,16.883647918701172,13.551815271377563
p4only_candidate,9,26,localization,deep_backbone,small-large,0.1255091279745102,18.368703842163086,51.481544494628906,150,3,16.883647918701172,121.0114483833313
p4only_candidate,9,26,localization,deep_backbone,medium-large,-0.018149446696043015,20.652217864990234,51.481544494628906,37,3,13.551815271377563,121.0114483833313
p4only_candidate,9,26,localization,neck,small-medium,0.10418111085891724,11.90346622467041,18.335512161254883,150,37,16.883647918701172,13.551815271377563
p4only_candidate,9,26,localization,neck,small-large,0.012442520819604397,11.90346622467041,68.59111785888672,150,3,16.883647918701172,121.0114483833313
p4only_candidate,9,26,localization,neck,medium-large,0.0006665982073172927,18.335512161254883,68.59111785888672,37,3,13.551815271377563,121.0114483833313
p4only_candidate,9,26,total,shared_features,small-medium,0.6330780982971191,22.145265579223633,53.514617919921875,150,37,16.883647918701172,13.551815271377563
p4only_candidate,9,26,total,shared_features,small-large,0.8220495581626892,22.145265579223633,1323.347900390625,150,3,16.883647918701172,121.0114483833313
p4only_candidate,9,26,total,shared_features,medium-large,0.9291478991508484,53.514617919921875,1323.347900390625,37,3,13.551815271377563,121.0114483833313
p4only_candidate,9,26,total,shared_predictors,small-medium,0.759713351726532,10.57396125793457,23.095827102661133,150,37,16.883647918701172,13.551815271377563
p4only_candidate,9,26,total,shared_predictors,small-large,0.7880659103393555,10.57396125793457,617.861328125,150,3,16.883647918701172,121.0114483833313
p4only_candidate,9,26,total,shared_predictors,medium-large,0.9501355290412903,23.095827102661133,617.861328125,37,3,13.551815271377563,121.0114483833313
p4only_candidate,9,26,total,deep_backbone,small-medium,0.37934136390686035,39.26341247558594,91.52572631835938,150,37,16.883647918701172,13.551815271377563
p4only_candidate,9,26,total,deep_backbone,small-large,0.5987197160720825,39.26341247558594,1882.9520263671875,150,3,16.883647918701172,121.0114483833313
p4only_candidate,9,26,total,deep_backbone,medium-large,0.8702899813652039,91.52572631835938,1882.9520263671875,37,3,13.551815271377563,121.0114483833313
p4only_candidate,9,26,total,neck,small-medium,0.20913134515285492,35.36997604370117,65.96925354003906,150,37,16.883647918701172,13.551815271377563
p4only_candidate,9,26,total,neck,small-large,0.693010151386261,35.36997604370117,1554.6392822265625,150,3,16.883647918701172,121.0114483833313
p4only_candidate,9,26,total,neck,medium-large,0.7270203232765198,65.96925354003906,1554.6392822265625,37,3,13.551815271377563,121.0114483833313
p4only_candidate,10,27,localization,shared_features,small-medium,0.10876861214637756,6.277438640594482,8.422246932983398,102,44,16.20120859146118,13.538512706756592
p4only_candidate,10,27,localization,shared_features,small-large,0.08639271557331085,6.277438640594482,14.771214485168457,102,10,16.20120859146118,42.55571365356445
p4only_candidate,10,27,localization,shared_features,medium-large,0.35956132411956787,8.422246932983398,14.771214485168457,44,10,13.538512706756592,42.55571365356445
p4only_candidate,10,27,localization,shared_predictors,small-medium,0.13013195991516113,5.070237636566162,6.283744812011719,102,44,16.20120859146118,13.538512706756592
p4only_candidate,10,27,localization,shared_predictors,small-large,0.0020212936215102673,5.070237636566162,11.348267555236816,102,10,16.20120859146118,42.55571365356445
p4only_candidate,10,27,localization,shared_predictors,medium-large,0.3052155077457428,6.283744812011719,11.348267555236816,44,10,13.538512706756592,42.55571365356445
p4only_candidate,10,27,localization,deep_backbone,small-medium,0.4448281228542328,17.076780319213867,26.230674743652344,102,44,16.20120859146118,13.538512706756592
p4only_candidate,10,27,localization,deep_backbone,small-large,0.23611204326152802,17.076780319213867,72.345947265625,102,10,16.20120859146118,42.55571365356445
p4only_candidate,10,27,localization,deep_backbone,medium-large,0.41438838839530945,26.230674743652344,72.345947265625,44,10,13.538512706756592,42.55571365356445
p4only_candidate,10,27,localization,neck,small-medium,0.09558603912591934,13.079257011413574,21.872112274169922,102,44,16.20120859146118,13.538512706756592
p4only_candidate,10,27,localization,neck,small-large,0.0350121445953846,13.079257011413574,62.261966705322266,102,10,16.20120859146118,42.55571365356445
p4only_candidate,10,27,localization,neck,medium-large,0.2643628418445587,21.872112274169922,62.261966705322266,44,10,13.538512706756592,42.55571365356445
p4only_candidate,10,27,total,shared_features,small-medium,0.34864628314971924,30.2028751373291,45.7471923828125,102,44,16.20120859146118,13.538512706756592
p4only_candidate,10,27,total,shared_features,small-large,0.7202181220054626,30.2028751373291,329.042236328125,102,10,16.20120859146118,42.55571365356445
p4only_candidate,10,27,total,shared_features,medium-large,0.849170982837677,45.7471923828125,329.042236328125,44,10,13.538512706756592,42.55571365356445
p4only_candidate,10,27,total,shared_predictors,small-medium,0.18749968707561493,15.895676612854004,21.472915649414062,102,44,16.20120859146118,13.538512706756592
p4only_candidate,10,27,total,shared_predictors,small-large,0.6228492259979248,15.895676612854004,146.59104919433594,102,10,16.20120859146118,42.55571365356445
p4only_candidate,10,27,total,shared_predictors,medium-large,0.8244583606719971,21.472915649414062,146.59104919433594,44,10,13.538512706756592,42.55571365356445
p4only_candidate,10,27,total,deep_backbone,small-medium,0.13947509229183197,46.202999114990234,67.41394805908203,102,44,16.20120859146118,13.538512706756592
p4only_candidate,10,27,total,deep_backbone,small-large,0.5181929469108582,46.202999114990234,439.09613037109375,102,10,16.20120859146118,42.55571365356445
p4only_candidate,10,27,total,deep_backbone,medium-large,0.7592355012893677,67.41394805908203,439.09613037109375,44,10,13.538512706756592,42.55571365356445
p4only_candidate,10,27,total,neck,small-medium,0.2504275441169739,48.41007614135742,54.79214859008789,102,44,16.20120859146118,13.538512706756592
p4only_candidate,10,27,total,neck,small-large,0.6721143126487732,48.41007614135742,396.07073974609375,102,10,16.20120859146118,42.55571365356445
p4only_candidate,10,27,total,neck,medium-large,0.6142405271530151,54.79214859008789,396.07073974609375,44,10,13.538512706756592,42.55571365356445
p4only_candidate,11,28,localization,shared_features,small-medium,0.05688793584704399,8.70753288269043,8.444310188293457,65,16,17.718775272369385,14.637039422988892
p4only_candidate,11,28,localization,shared_features,small-large,0.03363637626171112,8.70753288269043,18.959209442138672,65,6,17.718775272369385,39.68864154815674
p4only_candidate,11,28,localization,shared_features,medium-large,0.35584402084350586,8.444310188293457,18.959209442138672,16,6,14.637039422988892,39.68864154815674
p4only_candidate,11,28,localization,shared_predictors,small-medium,-0.01277429610490799,11.004345893859863,5.332953929901123,65,16,17.718775272369385,14.637039422988892
p4only_candidate,11,28,localization,shared_predictors,small-large,-0.03646691516041756,11.004345893859863,13.577836990356445,65,6,17.718775272369385,39.68864154815674
p4only_candidate,11,28,localization,shared_predictors,medium-large,0.3541238307952881,5.332953929901123,13.577836990356445,16,6,14.637039422988892,39.68864154815674
p4only_candidate,11,28,localization,deep_backbone,small-medium,0.10152539610862732,27.71683692932129,18.76089859008789,65,16,17.718775272369385,14.637039422988892
p4only_candidate,11,28,localization,deep_backbone,small-large,-0.0054118274711072445,27.71683692932129,85.54547119140625,65,6,17.718775272369385,39.68864154815674
p4only_candidate,11,28,localization,deep_backbone,medium-large,0.1323835253715515,18.76089859008789,85.54547119140625,16,6,14.637039422988892,39.68864154815674
p4only_candidate,11,28,localization,neck,small-medium,0.04809567704796791,17.97518539428711,19.80072784423828,65,16,17.718775272369385,14.637039422988892
p4only_candidate,11,28,localization,neck,small-large,-0.003733869409188628,17.97518539428711,71.30496215820312,65,6,17.718775272369385,39.68864154815674
p4only_candidate,11,28,localization,neck,medium-large,0.05122246593236923,19.80072784423828,71.30496215820312,16,6,14.637039422988892,39.68864154815674
p4only_candidate,11,28,total,shared_features,small-medium,0.5673478245735168,23.186771392822266,53.765663146972656,65,16,17.718775272369385,14.637039422988892
p4only_candidate,11,28,total,shared_features,small-large,0.7125165462493896,23.186771392822266,235.0856170654297,65,6,17.718775272369385,39.68864154815674
p4only_candidate,11,28,total,shared_features,medium-large,0.9164939522743225,53.765663146972656,235.0856170654297,16,6,14.637039422988892,39.68864154815674
p4only_candidate,11,28,total,shared_predictors,small-medium,0.39948564767837524,14.399325370788574,22.640026092529297,65,16,17.718775272369385,14.637039422988892
p4only_candidate,11,28,total,shared_predictors,small-large,0.4797009825706482,14.399325370788574,98.4686050415039,65,6,17.718775272369385,39.68864154815674
p4only_candidate,11,28,total,shared_predictors,medium-large,0.9434599876403809,22.640026092529297,98.4686050415039,16,6,14.637039422988892,39.68864154815674
p4only_candidate,11,28,total,deep_backbone,small-medium,0.46642959117889404,45.72266387939453,97.9093246459961,65,16,17.718775272369385,14.637039422988892
p4only_candidate,11,28,total,deep_backbone,small-large,0.49041321873664856,45.72266387939453,394.2164611816406,65,6,17.718775272369385,39.68864154815674
p4only_candidate,11,28,total,deep_backbone,medium-large,0.8454142808914185,97.9093246459961,394.2164611816406,16,6,14.637039422988892,39.68864154815674
p4only_candidate,11,28,total,neck,small-medium,0.4317014813423157,39.7734375,70.88848114013672,65,16,17.718775272369385,14.637039422988892
p4only_candidate,11,28,total,neck,small-large,0.5113027095794678,39.7734375,318.05340576171875,65,6,17.718775272369385,39.68864154815674
p4only_candidate,11,28,total,neck,medium-large,0.6679992079734802,70.88848114013672,318.05340576171875,16,6,14.637039422988892,39.68864154815674
p4only_candidate,12,42,localization,shared_features,small-medium,0.060750436037778854,6.8575592041015625,13.27083683013916,78,9,17.142305374145508,23.52244472503662
p4only_candidate,12,42,localization,shared_features,small-large,0.1100165843963623,6.8575592041015625,44.05390930175781,78,1,17.142305374145508,280.6160111427307
p4only_candidate,12,42,localization,shared_features,medium-large,-0.17166969180107117,13.27083683013916,44.05390930175781,9,1,23.52244472503662,280.6160111427307
p4only_candidate,12,42,localization,shared_predictors,small-medium,0.21297022700309753,5.112440586090088,8.154991149902344,78,9,17.142305374145508,23.52244472503662
p4only_candidate,12,42,localization,shared_predictors,small-large,0.04947610944509506,5.112440586090088,28.362018585205078,78,1,17.142305374145508,280.6160111427307
p4only_candidate,12,42,localization,shared_predictors,medium-large,-0.1434267908334732,8.154991149902344,28.362018585205078,9,1,23.52244472503662,280.6160111427307
p4only_candidate,12,42,localization,deep_backbone,small-medium,0.0019183607073500752,37.93941879272461,50.396324157714844,78,9,17.142305374145508,23.52244472503662
p4only_candidate,12,42,localization,deep_backbone,small-large,0.07888294756412506,37.93941879272461,183.56101989746094,78,1,17.142305374145508,280.6160111427307
p4only_candidate,12,42,localization,deep_backbone,medium-large,-0.026723654940724373,50.396324157714844,183.56101989746094,9,1,23.52244472503662,280.6160111427307
p4only_candidate,12,42,localization,neck,small-medium,0.07361820340156555,17.366296768188477,30.440269470214844,78,9,17.142305374145508,23.52244472503662
p4only_candidate,12,42,localization,neck,small-large,-0.000501586589962244,17.366296768188477,161.76065063476562,78,1,17.142305374145508,280.6160111427307
p4only_candidate,12,42,localization,neck,medium-large,-0.02628600038588047,30.440269470214844,161.76065063476562,9,1,23.52244472503662,280.6160111427307
p4only_candidate,12,42,total,shared_features,small-medium,0.6150234341621399,14.38184928894043,90.74161529541016,78,9,17.142305374145508,23.52244472503662
p4only_candidate,12,42,total,shared_features,small-large,0.7209264039993286,14.38184928894043,1726.57373046875,78,1,17.142305374145508,280.6160111427307
p4only_candidate,12,42,total,shared_features,medium-large,0.9560438990592957,90.74161529541016,1726.57373046875,9,1,23.52244472503662,280.6160111427307
p4only_candidate,12,42,total,shared_predictors,small-medium,0.6714867949485779,7.499756813049316,60.264686584472656,78,9,17.142305374145508,23.52244472503662
p4only_candidate,12,42,total,shared_predictors,small-large,0.6889505982398987,7.499756813049316,1196.99755859375,78,1,17.142305374145508,280.6160111427307
p4only_candidate,12,42,total,shared_predictors,medium-large,0.9802148938179016,60.264686584472656,1196.99755859375,9,1,23.52244472503662,280.6160111427307
p4only_candidate,12,42,total,deep_backbone,small-medium,0.5121371150016785,55.27090072631836,232.23667907714844,78,9,17.142305374145508,23.52244472503662
p4only_candidate,12,42,total,deep_backbone,small-large,0.5309495329856873,55.27090072631836,4366.4052734375,78,1,17.142305374145508,280.6160111427307
p4only_candidate,12,42,total,deep_backbone,medium-large,0.9312095046043396,232.23667907714844,4366.4052734375,9,1,23.52244472503662,280.6160111427307
p4only_candidate,12,42,total,neck,small-medium,0.49398475885391235,27.152536392211914,138.9709014892578,78,9,17.142305374145508,23.52244472503662
p4only_candidate,12,42,total,neck,small-large,0.600119411945343,27.152536392211914,2614.454345703125,78,1,17.142305374145508,280.6160111427307
p4only_candidate,12,42,total,neck,medium-large,0.9039571285247803,138.9709014892578,2614.454345703125,9,1,23.52244472503662,280.6160111427307
p4only_candidate,13,57,localization,shared_features,small-medium,-0.03858719393610954,4.551931858062744,5.064650058746338,828,25,16.997084617614746,34.00591564178467
p4only_candidate,13,57,localization,shared_features,small-large,-0.055007658898830414,4.551931858062744,31.36621856689453,828,2,16.997084617614746,448.5408662557602
p4only_candidate,13,57,localization,shared_features,medium-large,0.10777689516544342,5.064650058746338,31.36621856689453,25,2,34.00591564178467,448.5408662557602
p4only_candidate,13,57,localization,shared_predictors,small-medium,-0.08756787329912186,5.218535423278809,4.856224536895752,828,25,16.997084617614746,34.00591564178467
p4only_candidate,13,57,localization,shared_predictors,small-large,0.008860446512699127,5.218535423278809,24.33304214477539,828,2,16.997084617614746,448.5408662557602
p4only_candidate,13,57,localization,shared_predictors,medium-large,0.045359719544649124,4.856224536895752,24.33304214477539,25,2,34.00591564178467,448.5408662557602
p4only_candidate,13,57,localization,deep_backbone,small-medium,-0.03728453442454338,8.897340774536133,15.714059829711914,828,25,16.997084617614746,34.00591564178467
p4only_candidate,13,57,localization,deep_backbone,small-large,-0.07892857491970062,8.897340774536133,107.90283966064453,828,2,16.997084617614746,448.5408662557602
p4only_candidate,13,57,localization,deep_backbone,medium-large,0.11265655606985092,15.714059829711914,107.90283966064453,25,2,34.00591564178467,448.5408662557602
p4only_candidate,13,57,localization,neck,small-medium,-0.05774082615971565,7.1416015625,13.941627502441406,828,25,16.997084617614746,34.00591564178467
p4only_candidate,13,57,localization,neck,small-large,0.003515378339216113,7.1416015625,106.20535278320312,828,2,16.997084617614746,448.5408662557602
p4only_candidate,13,57,localization,neck,medium-large,0.08778169006109238,13.941627502441406,106.20535278320312,25,2,34.00591564178467,448.5408662557602
p4only_candidate,13,57,total,shared_features,small-medium,0.21745136380195618,6.039211750030518,174.75083923339844,828,25,16.997084617614746,34.00591564178467
p4only_candidate,13,57,total,shared_features,small-large,0.28061047196388245,6.039211750030518,2663.13671875,828,2,16.997084617614746,448.5408662557602
p4only_candidate,13,57,total,shared_features,medium-large,0.991256594657898,174.75083923339844,2663.13671875,25,2,34.00591564178467,448.5408662557602
p4only_candidate,13,57,total,shared_predictors,small-medium,0.24867811799049377,5.725586891174316,93.52156829833984,828,25,16.997084617614746,34.00591564178467
p4only_candidate,13,57,total,shared_predictors,small-large,0.28359895944595337,5.725586891174316,1542.73095703125,828,2,16.997084617614746,448.5408662557602
p4only_candidate,13,57,total,shared_predictors,medium-large,0.9924812316894531,93.52156829833984,1542.73095703125,25,2,34.00591564178467,448.5408662557602
p4only_candidate,13,57,total,deep_backbone,small-medium,0.10445893555879593,11.010746002197266,244.50344848632812,828,25,16.997084617614746,34.00591564178467
p4only_candidate,13,57,total,deep_backbone,small-large,0.1261262595653534,11.010746002197266,3667.803955078125,828,2,16.997084617614746,448.5408662557602
p4only_candidate,13,57,total,deep_backbone,medium-large,0.9900679588317871,244.50344848632812,3667.803955078125,25,2,34.00591564178467,448.5408662557602
p4only_candidate,13,57,total,neck,small-medium,0.05762097239494324,9.038426399230957,177.28347778320312,828,25,16.997084617614746,34.00591564178467
p4only_candidate,13,57,total,neck,small-large,0.1156228557229042,9.038426399230957,2712.30517578125,828,2,16.997084617614746,448.5408662557602
p4only_candidate,13,57,total,neck,medium-large,0.98380446434021,177.28347778320312,2712.30517578125,25,2,34.00591564178467,448.5408662557602
p4only_candidate,14,60,localization,shared_features,small-medium,0.1928114891052246,4.125784397125244,6.640391826629639,481,35,14.367255687713623,25.264710545539856
p4only_candidate,14,60,localization,shared_features,small-large,-0.09655794501304626,4.125784397125244,39.868778228759766,481,1,14.367255687713623,1049.8062570095062
p4only_candidate,14,60,localization,shared_features,medium-large,-0.35953205823898315,6.640391826629639,39.868778228759766,35,1,25.264710545539856,1049.8062570095062
p4only_candidate,14,60,localization,shared_predictors,small-medium,-0.09395255148410797,3.560300350189209,5.134871482849121,481,35,14.367255687713623,25.264710545539856
p4only_candidate,14,60,localization,shared_predictors,small-large,-0.01184268668293953,3.560300350189209,28.37747573852539,481,1,14.367255687713623,1049.8062570095062
p4only_candidate,14,60,localization,shared_predictors,medium-large,-0.27440497279167175,5.134871482849121,28.37747573852539,35,1,25.264710545539856,1049.8062570095062
p4only_candidate,14,60,localization,deep_backbone,small-medium,0.09099799394607544,8.350385665893555,10.165878295898438,481,35,14.367255687713623,25.264710545539856
p4only_candidate,14,60,localization,deep_backbone,small-large,-0.0030192569829523563,8.350385665893555,110.86199951171875,481,1,14.367255687713623,1049.8062570095062
p4only_candidate,14,60,localization,deep_backbone,medium-large,0.0058395154774188995,10.165878295898438,110.86199951171875,35,1,25.264710545539856,1049.8062570095062
p4only_candidate,14,60,localization,neck,small-medium,0.06643158942461014,7.006660461425781,12.722956657409668,481,35,14.367255687713623,25.264710545539856
p4only_candidate,14,60,localization,neck,small-large,-0.01178169809281826,7.006660461425781,136.6604766845703,481,1,14.367255687713623,1049.8062570095062
p4only_candidate,14,60,localization,neck,medium-large,-0.11848925054073334,12.722956657409668,136.6604766845703,35,1,25.264710545539856,1049.8062570095062
p4only_candidate,14,60,total,shared_features,small-medium,0.42371198534965515,7.232719421386719,87.58129119873047,481,35,14.367255687713623,25.264710545539856
p4only_candidate,14,60,total,shared_features,small-large,0.5717822909355164,7.232719421386719,4820.046875,481,1,14.367255687713623,1049.8062570095062
p4only_candidate,14,60,total,shared_features,medium-large,0.9555853605270386,87.58129119873047,4820.046875,35,1,25.264710545539856,1049.8062570095062
p4only_candidate,14,60,total,shared_predictors,small-medium,0.4540012776851654,4.823920249938965,72.00678253173828,481,35,14.367255687713623,25.264710545539856
p4only_candidate,14,60,total,shared_predictors,small-large,0.5229677557945251,4.823920249938965,4037.079345703125,481,1,14.367255687713623,1049.8062570095062
p4only_candidate,14,60,total,shared_predictors,medium-large,0.9865753054618835,72.00678253173828,4037.079345703125,35,1,25.264710545539856,1049.8062570095062
p4only_candidate,14,60,total,deep_backbone,small-medium,0.23766984045505524,13.445378303527832,135.5432586669922,481,35,14.367255687713623,25.264710545539856
p4only_candidate,14,60,total,deep_backbone,small-large,0.3105660676956177,13.445378303527832,7051.21630859375,481,1,14.367255687713623,1049.8062570095062
p4only_candidate,14,60,total,deep_backbone,medium-large,0.9745131134986877,135.5432586669922,7051.21630859375,35,1,25.264710545539856,1049.8062570095062
p4only_candidate,14,60,total,neck,small-medium,0.22442981600761414,10.59852409362793,96.04150390625,481,35,14.367255687713623,25.264710545539856
p4only_candidate,14,60,total,neck,small-large,0.3480522334575653,10.59852409362793,5172.55224609375,481,1,14.367255687713623,1049.8062570095062
p4only_candidate,14,60,total,neck,medium-large,0.9441390037536621,96.04150390625,5172.55224609375,35,1,25.264710545539856,1049.8062570095062
p4only_candidate,15,61,localization,shared_features,small-medium,0.1534862518310547,2.9818854331970215,9.260077476501465,459,27,13.767880916595459,28.62489652633667
p4only_candidate,15,61,localization,shared_features,small-large,0.009965507313609123,2.9818854331970215,22.721776962280273,459,2,13.767880916595459,540.8959715366364
p4only_candidate,15,61,localization,shared_features,medium-large,0.26931431889533997,9.260077476501465,22.721776962280273,27,2,28.62489652633667,540.8959715366364
p4only_candidate,15,61,localization,shared_predictors,small-medium,0.01082574762403965,2.8836159706115723,6.065277576446533,459,27,13.767880916595459,28.62489652633667
p4only_candidate,15,61,localization,shared_predictors,small-large,0.10959464311599731,2.8836159706115723,17.26282501220703,459,2,13.767880916595459,540.8959715366364
p4only_candidate,15,61,localization,shared_predictors,medium-large,0.2819496989250183,6.065277576446533,17.26282501220703,27,2,28.62489652633667,540.8959715366364
p4only_candidate,15,61,localization,deep_backbone,small-medium,0.039039839059114456,6.709921836853027,13.863529205322266,459,27,13.767880916595459,28.62489652633667
p4only_candidate,15,61,localization,deep_backbone,small-large,-0.018932446837425232,6.709921836853027,85.56847381591797,459,2,13.767880916595459,540.8959715366364
p4only_candidate,15,61,localization,deep_backbone,medium-large,-0.05607305467128754,13.863529205322266,85.56847381591797,27,2,28.62489652633667,540.8959715366364
p4only_candidate,15,61,localization,neck,small-medium,0.09340105950832367,6.004233360290527,15.478191375732422,459,27,13.767880916595459,28.62489652633667
p4only_candidate,15,61,localization,neck,small-large,0.002806028351187706,6.004233360290527,81.76373291015625,459,2,13.767880916595459,540.8959715366364
p4only_candidate,15,61,localization,neck,medium-large,0.00858052633702755,15.478191375732422,81.76373291015625,27,2,28.62489652633667,540.8959715366364
p4only_candidate,15,61,total,shared_features,small-medium,0.5485756993293762,6.253693103790283,105.73634338378906,459,27,13.767880916595459,28.62489652633667
p4only_candidate,15,61,total,shared_features,small-large,0.635414719581604,6.253693103790283,2569.69482421875,459,2,13.767880916595459,540.8959715366364
p4only_candidate,15,61,total,shared_features,medium-large,0.9772576689720154,105.73634338378906,2569.69482421875,27,2,28.62489652633667,540.8959715366364
p4only_candidate,15,61,total,shared_predictors,small-medium,0.6101884245872498,4.362936019897461,81.28163146972656,459,27,13.767880916595459,28.62489652633667
p4only_candidate,15,61,total,shared_predictors,small-large,0.6389558911323547,4.362936019897461,2055.558349609375,459,2,13.767880916595459,540.8959715366364
p4only_candidate,15,61,total,shared_predictors,medium-large,0.99351966381073,81.28163146972656,2055.558349609375,27,2,28.62489652633667,540.8959715366364
p4only_candidate,15,61,total,deep_backbone,small-medium,0.4191736578941345,12.769346237182617,162.6655731201172,459,27,13.767880916595459,28.62489652633667
p4only_candidate,15,61,total,deep_backbone,small-large,0.4741668403148651,12.769346237182617,3819.405029296875,459,2,13.767880916595459,540.8959715366364
p4only_candidate,15,61,total,deep_backbone,medium-large,0.9784143567085266,162.6655731201172,3819.405029296875,27,2,28.62489652633667,540.8959715366364
p4only_candidate,15,61,total,neck,small-medium,0.3242093324661255,9.831757545471191,119.21099090576172,459,27,13.767880916595459,28.62489652633667
p4only_candidate,15,61,total,neck,small-large,0.40848979353904724,9.831757545471191,2830.509033203125,459,2,13.767880916595459,540.8959715366364
p4only_candidate,15,61,total,neck,medium-large,0.9613083600997925,119.21099090576172,2830.509033203125,27,2,28.62489652633667,540.8959715366364
